 taxon_name,percent,reads
 BeAn 58058 virus,29.694323,1428
 Pahexavirus,3.535039,170
 Bacillus phage G,2.682470,129
 Microbacterium phage Min1,2.162612,104
 Lymphocystis disease virus Sa,1.434810,69
 Peduovirinae,1.414015,68
 Streptococcaceae,1.393221,67
 Mycobacterium phage Kumao,1.372427,66
 Siphoviridae,1.310044,63
 Staphylococcus phage SPbeta-like,1.310044,63
 Cafeteria roenbergensis virus BV-PW1,1.247661,60
 Staphylococcaceae,1.206072,58
 Myoviridae,1.185278,57
 Eurybiavirus,1.122895,54
 Prochlorococcus phage P-TIM68,1.081306,52
 Mimiviridae,0.956540,46
 Bongovirus,0.914951,44
 Phaeocystis globosa virus,0.852568,41
 Omegavirus,0.790185,38
 Mycobacterium phage Phabba,0.748596,36
 Likavirus,0.707008,34
 Escherichia phage 500465-1,0.707008,34
 Faecalibacterium phage FP_Brigit,0.603036,29
 Escherichia phage RCS47,0.540653,26
 Only Syngen Nebraska virus 5,0.540653,26
 Streptococcus phage EJ-1,0.478270,23
 Peeveelvirus,0.478270,23
 Cheoctovirus,0.457476,22
 Synechococcus phage S-CBWM1,0.457476,22
 Chlorovirus,0.436681,21
 Geobacillus virus E3,0.436681,21
 Caudovirales,0.415887,20
 Acanthamoeba polyphaga mimivirus,0.415887,20
 Pandoravirus,0.415887,20
 Schiekvirus,0.415887,20
 Biquartavirus,0.395093,19
 Escherichia phage D6,0.374298,18
 Ceetrepovirus,0.353504,17
 Streptomyces phage Celia,0.353504,17
 Chrysochromulina ericina virus,0.332709,16
 Orpheovirus IHUMI-LCC2,0.311915,15
 Agrobacterium phage Atu_ph07,0.311915,15
 Fromanvirus,0.291121,14
 Mimivirus,0.291121,14
 Acanthocystis turfacea chlorella virus 1,0.291121,14
 Timquatrovirus,0.291121,14
 Lactobacillus phage phiadh,0.270326,13
 Streptomyces phage BRock,0.270326,13
 Human endogenous retrovirus K113,0.249532,12
 Streptococcus phage 315.1,0.249532,12
