 taxon_name,percent,reads
 Pleosporaceae,13.734512,31282
 Pseudonocardiaceae,9.450216,21524
 Geodermatophilaceae,7.127177,16233
 Nocardioidaceae,5.940412,13530
 Propionibacteriaceae,3.935687,8964
 Chitinophagaceae,3.199392,7287
 Acetobacteraceae,2.599205,5920
 Methylobacteriaceae,1.769391,4030
 Micromonosporaceae,1.745243,3975
 Streptomycetaceae,1.494982,3405
 Sphingomonadaceae,1.487957,3389
 Teratosphaeriaceae,1.423416,3242
 Hymenobacteraceae,1.406732,3204
 Microbacteriaceae,1.399707,3188
 Mycosphaerellaceae,1.179740,2687
 Micrococcaceae,1.141104,2599
 Corynebacteriaceae,0.964164,2196
 Intrasporangiaceae,0.830692,1892
 Cladosporiaceae,0.817081,1861
 Solirubrobacteraceae,0.637069,1451
 Saccotheciaceae,0.618628,1409
 Burkholderiaceae,0.565503,1288
 Oxalobacteraceae,0.524231,1194
 Kineosporiaceae,0.522036,1189
 Mycobacteriaceae,0.501840,1143
 Cellulomonadaceae,0.485156,1105
 Nocardiaceae,0.475935,1084
 Comamonadaceae,0.469789,1070
 Didymellaceae,0.468032,1066
 Bacteroidaceae,0.456617,1040
 Isosphaeraceae,0.448275,1021
 Archangiaceae,0.429835,979
 Streptosporangiaceae,0.427639,974
 Gemmatimonadaceae,0.417541,951
 Sphingobacteriaceae,0.403930,920
 Azospirillaceae,0.371879,847
 Rubrobacteraceae,0.330608,753
 Roseobacteraceae,0.324901,740
 Pseudomonadaceae,0.301192,686
 Nakamurellaceae,0.292850,667
 Aspergillaceae,0.289776,660
 Thermomonosporaceae,0.271336,618
 Kribbellaceae,0.269580,614
 Cytophagaceae,0.267384,609
 Enterobacteriaceae,0.254652,580
 Venturiaceae,0.245432,559
 Bradyrhizobiaceae,0.237529,541
 Motilibacteraceae,0.218210,497
 Rhodobacteraceae,0.217332,495
 Staphylococcaceae,0.206795,471
