 taxon_name,percent,reads
 Escherichia phage vB_EcoM_G4507,73.921356,4643
 Microbacterium phage Min1,0.875657,55
 Bacillus phage G,0.780131,49
 Siphoviridae,0.700525,44
 Eurybiavirus,0.636841,40
 Cafeteria roenbergensis virus BV-PW1,0.541315,34
 BeAn 58058 virus,0.509473,32
 Peduovirinae,0.509473,32
 Mycobacterium phage Kumao,0.493552,31
 Myoviridae,0.477631,30
 Staphylococcaceae,0.445789,28
 Phaeocystis globosa virus,0.429868,27
 Mimiviridae,0.366184,23
 Caudovirales,0.350263,22
 Only Syngen Nebraska virus 5,0.350263,22
 Likavirus,0.350263,22
 Faecalibacterium phage FP_Brigit,0.350263,22
 Streptomyces phage Celia,0.350263,22
 Omegavirus,0.334342,21
 Prochlorococcus phage P-TIM68,0.318421,20
 Orpheovirus IHUMI-LCC2,0.318421,20
 Lambdavirus,0.286579,18
 Acanthamoeba polyphaga mimivirus,0.286579,18
 Mycobacterium phage Phabba,0.270658,17
 Cladosporium fulvum T-1 virus,0.270658,17
 Propionibacterium phage PFR2,0.254737,16
 Cedratvirus A11,0.254737,16
 Escherichia phage 500465-1,0.254737,16
 Biquartavirus,0.222894,14
 Streptomyces phage BRock,0.222894,14
 Chrysochromulina ericina virus,0.206973,13
 Streptococcaceae,0.191052,12
 Diadromus pulchellus ascovirus 4a,0.191052,12
 Trichoplusia ni ascovirus 2c,0.191052,12
 Bronfenbrennervirinae,0.159210,10
 Chlorovirus,0.143289,9
 Micromonas pusilla virus 12T,0.143289,9
 Pandoravirus,0.143289,9
 Pinus nigra virus 1,0.143289,9
 Geobacillus virus E3,0.127368,8
 Arquatrovirinae,0.127368,8
 Vibrio phage VAP7,0.127368,8
 Phapecoctavirus,0.127368,8
 Flavobacterium phage vB_FspM_immuto_2-6A,0.127368,8
 Burkholderia virus phiE125,0.111447,7
 Aeromonas virus 31,0.111447,7
 Acanthocystis turfacea chlorella virus 1,0.111447,7
 Prochlorococcus phage MED4-213,0.111447,7
 Bacillus phage phi4J1,0.111447,7
 Agrobacterium phage Atu_ph07,0.111447,7
