 taxon_name,percent,reads
 Escherichia phage vB_EcoM_G4507,84.514221,7133
 BeAn 58058 virus,4.063981,343
 Cladosporium fulvum T-1 virus,0.521327,44
 Pahexavirus,0.497630,42
 Lymphocystis disease virus Sa,0.260664,22
 Chrysochromulina ericina virus,0.225118,19
 Peduovirinae,0.225118,19
 Siphoviridae,0.201422,17
 Microbacterium phage Min1,0.201422,17
 Cafeteria roenbergensis virus BV-PW1,0.201422,17
 Orpheovirus IHUMI-LCC2,0.189573,16
 Eurybiavirus,0.189573,16
 Bacillus phage G,0.189573,16
 Phaeocystis globosa virus,0.177725,15
 Streptococcaceae,0.165877,14
 Acanthamoeba polyphaga mimivirus,0.165877,14
 Staphylococcus phage SPbeta-like,0.165877,14
 Mimiviridae,0.154028,13
 Streptococcus phage Dp-1,0.142180,12
 Staphylococcaceae,0.130332,11
 Bongovirus,0.130332,11
 Likavirus,0.118483,10
 Escherichia phage 500465-1,0.118483,10
 Megavirus chiliensis,0.106635,9
 Mycobacterium phage Kumao,0.106635,9
 Pandoravirus,0.106635,9
 Streptomyces phage Celia,0.106635,9
 Myoviridae,0.094787,8
 Aureococcus anophagefferens virus,0.082938,7
 Staphylococcus phage IME-SA4,0.082938,7
 Only Syngen Nebraska virus 5,0.082938,7
 Samwavirus,0.082938,7
 Micromonas pusilla virus 12T,0.071090,6
 Prochlorococcus phage MED4-213,0.071090,6
 Omegavirus,0.071090,6
 Mollivirus sibericum,0.071090,6
 Biquartavirus,0.071090,6
 Faecalibacterium phage FP_Brigit,0.071090,6
 Caudovirales,0.059242,5
 Chlorovirus,0.059242,5
 Diplodia scrobiculata RNA virus 1,0.059242,5
 Acanthamoeba polyphaga moumouvirus,0.059242,5
 Escherichia phage RCS47,0.059242,5
 Cheoctovirus,0.059242,5
 Mycobacterium phage Phabba,0.059242,5
 Gordonia phage Daredevil,0.059242,5
 Langleyhallvirinae,0.059242,5
 Peeveelvirus,0.059242,5
 Chloriridovirus,0.047393,4
 Acanthocystis turfacea chlorella virus 1,0.047393,4
