 taxon_name,percent,reads
 Pleosporaceae,5.866117,7332
 Propionibacteriaceae,4.191569,5239
 Corynebacteriaceae,3.501908,4377
 Leptosphaeriaceae,2.557825,3197
 Phaeosphaeriaceae,2.376209,2970
 Streptococcaceae,2.354607,2943
 Geodermatophilaceae,1.399323,1749
 Lophiostomataceae,1.169703,1462
 Actinomycetaceae,1.168103,1460
 Nocardioidaceae,1.135300,1419
 Didymosphaeriaceae,1.109698,1387
 Teratosphaeriaceae,1.097697,1372
 Melanommataceae,1.060093,1325
 Mycosphaerellaceae,0.987287,1234
 Lindgomycetaceae,0.935282,1169
 Pseudomonadaceae,0.933682,1167
 Enterobacteriaceae,0.908080,1135
 Didymellaceae,0.873677,1092
 Lawsonellaceae,0.860076,1075
 Cucurbitariaceae,0.828873,1036
 Pseudonocardiaceae,0.796070,995
 Moraxellaceae,0.779269,974
 Massarinaceae,0.779269,974
 Chitinophagaceae,0.733665,917
 Micrococcaceae,0.672859,841
 Staphylococcaceae,0.671259,839
 Burkholderiaceae,0.621655,777
 Microbacteriaceae,0.611254,764
 Trematosphaeriaceae,0.576051,720
 Sphingomonadaceae,0.575251,719
 Pleomassariaceae,0.572050,715
 Lophiotremataceae,0.540848,676
 Pasteurellaceae,0.522446,653
 Micromonosporaceae,0.516045,645
 Zopfiaceae,0.505645,632
 Sporormiaceae,0.498444,623
 Cladosporiaceae,0.464041,580
 Diademaceae,0.462441,578
 Mycobacteriaceae,0.461641,577
 Torulaceae,0.461641,577
 Corynesporascaceae,0.456840,571
 Lentitheciaceae,0.453640,567
 Bacillaceae,0.439239,549
 Tetraplosphaeriaceae,0.408836,511
 Solirubrobacteraceae,0.400835,501
 Aeromonadaceae,0.384834,481
 Amniculicolaceae,0.384834,481
 Aspergillaceae,0.384834,481
 Streptomycetaceae,0.375233,469
 Enterococcaceae,0.369633,462
