 taxon_name,percent,reads
 Enterobacteriaceae,11.428961,7535
 Pseudomonadaceae,5.794112,3820
 Bacteroidaceae,4.926512,3248
 Staphylococcaceae,3.506803,2312
 Morganellaceae,2.904640,1915
 Nocardioidaceae,1.909630,1259
 Enterococcaceae,1.806489,1191
 Propionibacteriaceae,1.554703,1025
 Geodermatophilaceae,1.384823,913
 Pasteurellaceae,1.161856,766
 Burkholderiaceae,1.126970,743
 Vibrionaceae,1.048097,691
 Micromonosporaceae,0.963157,635
 Rhodobacteraceae,0.947990,625
 Streptomycetaceae,0.911587,601
 Moraxellaceae,0.899452,593
 Microbacteriaceae,0.869117,573
 Streptococcaceae,0.832714,549
 Phyllobacteriaceae,0.759908,501
 Synergistaceae,0.740190,488
 Corynebacteriaceae,0.685586,452
 Comamonadaceae,0.617331,407
 Pseudonocardiaceae,0.594579,392
 Sphingomonadaceae,0.553626,365
 Intrasporangiaceae,0.450485,297
 Erysipelotrichaceae,0.436834,288
 Halomonadaceae,0.397397,262
 Malasseziaceae,0.374645,247
 Micrococcaceae,0.347343,229
 Bradyrhizobiaceae,0.295773,195
 Stappiaceae,0.295773,195
 Solirubrobacteraceae,0.294256,194
 Mycobacteriaceae,0.283638,187
 Aeromonadaceae,0.283638,187
 Acetobacteraceae,0.273021,180
 Cellulomonadaceae,0.256336,169
 Kribbellaceae,0.256336,169
 Rhodocyclaceae,0.241169,159
 Methylobacteriaceae,0.216900,143
 Hymenobacteraceae,0.210833,139
 Roseobacteraceae,0.197182,130
 Lactobacillaceae,0.163813,108
 Bacillaceae,0.160779,106
 Sphingobacteriaceae,0.159262,105
 Nocardiaceae,0.156229,103
 Streptosporangiaceae,0.147128,97
 Marinilabiliaceae,0.145611,96
 Oxalobacteraceae,0.130443,86
 Yersiniaceae,0.125893,83
 Caulobacteraceae,0.121343,80
