 taxon_name,percent,reads
 Citexvirus,7.824415,22420
 Peduovirinae,4.643347,13305
 Pseudomonas phage phi2,4.093684,11730
 Escherichia phage 500465-1,3.598812,10312
 Pseudomonas virus Pf1,3.278437,9394
 Escherichia phage RCS47,2.878142,8247
 Pseudomonas phage F10,2.807297,8044
 Pseudomonas phage Dobby,2.341741,6710
 Escherichia phage 500465-2,1.788936,5126
 Cronobacter phage vB_CsaP_GAP52,1.654923,4742
 Escherichia phage D6,1.583380,4537
 Caudovirales,1.511836,4332
 Punavirus,1.387595,3976
 Pseudomonas phage vB_Pae_BR319a,1.239971,3553
 Siphoviridae,1.200884,3441
 Eurybiavirus,1.123058,3218
 Pseudomonas phage MD8,0.956589,2741
 Pseudomonas virus H66,0.938790,2690
 Pseudomonas virus phiCTX,0.865502,2480
 Bacillus phage G,0.815945,2338
 Escherichia phage HK639,0.672858,1928
 Pseudomonas phage YMC11/02/R656,0.640052,1834
 Salmonella phage Fels-1,0.630979,1808
 Hendrixvirinae,0.617368,1769
 Streptococcaceae,0.605502,1735
 Lederbergvirus,0.592241,1697
 Enterobacteria phage YYZ-2008,0.548616,1572
 Pseudomonas phage F116,0.519301,1488
 Shigella phage SfIV,0.478120,1370
 Felsduovirus,0.476026,1364
 Privateervirus,0.466254,1336
 Cronobacter phage ENT47670,0.462764,1326
 Escherichia phage 2H10,0.455086,1304
 Mimiviridae,0.447758,1283
 Feofaniavirus,0.399248,1144
 Biquartavirus,0.396805,1137
 Ralstonia virus RSA1,0.387382,1110
 Enterobacteria phage phiP27,0.382845,1097
 Salmonella phage vB_SosS_Oslo,0.382147,1095
 Only Syngen Nebraska virus 5,0.376912,1080
 Hollowayvirus,0.374120,1072
 Aeromonas phage 44RR2.8t,0.373073,1069
 Enterobacteria phage mEp235,0.363301,1041
 Salmonella phage SJ46,0.358764,1028
 Sarumanvirus,0.358066,1026
 Faecalibacterium phage FP_Brigit,0.355274,1018
 Enterobacteria phage P7,0.354228,1015
 Pandoravirus,0.344107,986
 Pseudomonas phage JBD44,0.340966,977
 Cronobacter phage ENT39118,0.326657,936
