 taxon_name,percent,reads
 Rubrobacteraceae,6.811016,152927
 Geodermatophilaceae,6.568464,147481
 Nocardioidaceae,5.291123,118801
 Methylobacteriaceae,4.625997,103867
 Acetobacteraceae,3.509749,78804
 Micromonosporaceae,2.564347,57577
 Sphingomonadaceae,2.550229,57260
 Pseudonocardiaceae,2.071047,46501
 Solirubrobacteraceae,1.991370,44712
 Propionibacteriaceae,1.592267,35751
 Streptomycetaceae,1.468408,32970
 Microbacteriaceae,1.368020,30716
 Micrococcaceae,1.230131,27620
 Chitinophagaceae,1.216636,27317
 Oxalobacteraceae,1.127962,25326
 Comamonadaceae,1.117317,25087
 Archangiaceae,0.937919,21059
 Hymenobacteraceae,0.896143,20121
 Azospirillaceae,0.879575,19749
 Myxococcaceae,0.872093,19581
 Isosphaeraceae,0.816688,18337
 Roseobacteraceae,0.768721,17260
 Cellulomonadaceae,0.725341,16286
 Mycobacteriaceae,0.582909,13088
 Intrasporangiaceae,0.570350,12806
 Gemmatimonadaceae,0.553203,12421
 Conexibacteraceae,0.529731,11894
 Bradyrhizobiaceae,0.525990,11810
 Streptosporangiaceae,0.487866,10954
 Kallotenuaceae,0.476865,10707
 Gemmataceae,0.443106,9949
 Caulobacteraceae,0.438117,9837
 Phyllobacteriaceae,0.423286,9504
 Pseudomonadaceae,0.415225,9323
 Nocardiaceae,0.398924,8957
 Dermatophilaceae,0.375007,8420
 Rhizobiaceae,0.360933,8104
 Sphingosinicellaceae,0.357014,8016
 Burkholderiaceae,0.321117,7210
 Rhodobacteraceae,0.314748,7067
 Kineosporiaceae,0.311363,6991
 Iamiaceae,0.308468,6926
 Microcoleaceae,0.306909,6891
 Thermomonosporaceae,0.294929,6622
 Erythrobacteraceae,0.293503,6590
 Kribbellaceae,0.277381,6228
 Tepidisphaeraceae,0.277292,6226
 Nitrososphaeraceae,0.272615,6121
 Cytophagaceae,0.272303,6114
 Salinarimonadaceae,0.256804,5766
