 taxon_name,percent,reads
 Peduovirinae,4.315289,790
 Bacillus phage G,3.861911,707
 Cafeteria roenbergensis virus BV-PW1,2.414377,442
 Microbacterium phage Min1,2.403452,440
 Mimiviridae,2.403452,440
 Eurybiavirus,2.212269,405
 Staphylococcaceae,2.184957,400
 Phaeocystis globosa virus,2.026547,371
 Myoviridae,2.021085,370
 Streptococcaceae,1.928224,353
 Only Syngen Nebraska virus 5,1.747965,320
 Faecalibacterium phage FP_Brigit,1.709728,313
 Mycobacterium phage Kumao,1.474846,270
 Siphoviridae,1.409297,258
 Mycobacterium phage Phabba,1.310974,240
 Bacillus phage phi4J1,1.207188,221
 Escherichia phage 500465-1,1.185339,217
 Likavirus,1.125253,206
 Trichoplusia ni ascovirus 2c,0.977768,179
 Omegavirus,0.972306,178
 Bacillus phage SP-15,0.934069,171
 Streptomyces phage Celia,0.901295,165
 Biquartavirus,0.873983,160
 Agrobacterium phage Atu_ph07,0.873983,160
 Geobacillus virus E3,0.868520,159
 Streptomyces phage BRock,0.797509,146
 Caudovirales,0.781122,143
 Chlorovirus,0.753810,138
 Prochlorococcus phage P-TIM68,0.699186,128
 Sarumanvirus,0.660949,121
 Acanthamoeba polyphaga moumouvirus,0.600863,110
 Synechococcus phage S-SKS1,0.579013,106
 Acanthamoeba polyphaga mimivirus,0.573551,105
 Orpheovirus IHUMI-LCC2,0.562626,103
 Dishui lake phycodnavirus 1,0.562626,103
 Phapecoctavirus,0.562626,103
 Burkholderia virus phiE125,0.557164,102
 Aureococcus anophagefferens virus,0.524390,96
 Flavobacterium phage vB_FspM_immuto_2-6A,0.524390,96
 Escherichia phage RCS47,0.518927,95
 Vibrio phage VAP7,0.513465,94
 Chrysochromulina ericina virus,0.508002,93
 Prochlorococcus phage P-SSM2,0.497078,91
 Diadromus pulchellus ascovirus 4a,0.480690,88
 Pandoravirus,0.480690,88
 Cedratvirus A11,0.458841,84
 Sphingomonas phage PAU,0.442454,81
 Bronfenbrennervirinae,0.436991,80
 Emiliania huxleyi virus 86,0.420604,77
 Escherichia phage D6,0.409679,75
