 taxon_name,percent,reads
 Micrococcaceae,39.202652,261201
 Corynebacteriaceae,8.435143,56202
 Erwiniaceae,4.945488,32951
 Acidobacteriaceae,4.266949,28430
 Staphylococcaceae,3.326960,22167
 Saccotheciaceae,1.344622,8959
 Dermabacteraceae,1.225303,8164
 Pasteurellaceae,1.220801,8134
 Microbacteriaceae,1.041748,6941
 Neisseriaceae,1.021786,6808
 Nocardioidaceae,0.851439,5673
 Propionibacteriaceae,0.730319,4866
 Streptomycetaceae,0.626760,4176
 Lactobacillaceae,0.582935,3884
 Brevibacteriaceae,0.553368,3687
 Intrasporangiaceae,0.512994,3418
 Pseudonocardiaceae,0.484478,3228
 Enterococcaceae,0.482677,3216
 Actinomycetaceae,0.405683,2703
 Weeksellaceae,0.373564,2489
 Mycobacteriaceae,0.359306,2394
 Sphingomonadaceae,0.313680,2090
 Enterobacteriaceae,0.294319,1961
 Micromonosporaceae,0.291467,1942
 Hymenobacteraceae,0.280361,1868
 Geodermatophilaceae,0.275858,1838
 Nocardiaceae,0.275558,1836
 Pleosporaceae,0.252895,1685
 Bacillaceae,0.219576,1463
 Acetobacteraceae,0.208320,1388
 Chitinophagaceae,0.199164,1327
 Burkholderiaceae,0.178152,1187
 Pseudomonadaceae,0.175601,1170
 Methylobacteriaceae,0.170798,1138
 Herpotrichiellaceae,0.169597,1130
 Streptococcaceae,0.168247,1121
 Dietziaceae,0.164344,1095
 Gordoniaceae,0.148135,987
 Comamonadaceae,0.139280,928
 Aspergillaceae,0.134627,897
 Bradyrhizobiaceae,0.129224,861
 Oxalobacteraceae,0.122020,813
 Dysgonomonadaceae,0.119469,796
 Solirubrobacteraceae,0.118568,790
 Morganellaceae,0.110613,737
 Xanthomonadaceae,0.105060,700
 Cellulomonadaceae,0.103109,687
 Sphingobacteriaceae,0.099507,663
 Dermacoccaceae,0.097856,652
 Kytococcaceae,0.097406,649
