 taxon_name,percent,reads
 Cladosporium fulvum T-1 virus,5.262458,396
 Bacillus phage G,3.601329,271
 Microbacterium phage Min1,3.189369,240
 Tobacco vein clearing virus,2.897010,218
 Myoviridae,2.578073,194
 Cafeteria roenbergensis virus BV-PW1,2.299003,173
 Staphylococcaceae,2.205980,166
 Peduovirinae,2.019934,152
 Siphoviridae,1.860465,140
 Eurybiavirus,1.833887,138
 Mimiviridae,1.714286,129
 Mycobacterium phage Kumao,1.541528,116
 Mycobacterium phage Phabba,1.461794,110
 Prochlorococcus phage P-TIM68,1.315615,99
 Only Syngen Nebraska virus 5,1.315615,99
 Streptomyces phage Celia,1.289037,97
 Phaeocystis globosa virus,1.196013,90
 Omegavirus,1.129568,85
 Likavirus,1.116279,84
 BeAn 58058 virus,1.063123,80
 Streptococcaceae,1.009967,76
 Sweet potato vein clearing virus,0.943522,71
 Streptomyces phage BRock,0.890365,67
 Escherichia phage 500465-1,0.850498,64
 Faecalibacterium phage FP_Brigit,0.823920,62
 Caudovirales,0.744186,56
 Cedratvirus A11,0.637874,48
 Trichoplusia ni ascovirus 2c,0.624585,47
 Arquatrovirinae,0.598007,45
 Chrysochromulina ericina virus,0.584718,44
 Geobacillus virus E3,0.571429,43
 Enterobacteria phage P7,0.558140,42
 Pandoravirus,0.544850,41
 Orpheovirus IHUMI-LCC2,0.504983,38
 Corynebacterium phage Juicebox,0.504983,38
 Acanthocystis turfacea chlorella virus 1,0.491694,37
 Rhodococcus phage Weasels2,0.491694,37
 Biquartavirus,0.491694,37
 Dishui lake phycodnavirus 1,0.491694,37
 Acanthamoeba polyphaga mimivirus,0.478405,36
 Dioscorea bacilliform TR virus,0.478405,36
 Gordonia phage Yvonnetastic,0.465116,35
 Bacillus phage SP-15,0.438538,33
 Escherichia phage SH2026Stx1,0.438538,33
 Chlorovirus,0.425249,32
 Agrobacterium phage Atu_ph07,0.425249,32
 Flavobacterium phage vB_FspM_immuto_2-6A,0.425249,32
 Bronfenbrennervirinae,0.425249,32
 Prochlorococcus phage MED4-213,0.398671,30
 Phapecoctavirus,0.398671,30
