 taxon_name,percent,reads
 Enterobacteriaceae,18.931637,198364
 Corynebacteriaceae,8.572607,89823
 Dermabacteraceae,5.123923,53688
 Staphylococcaceae,4.604353,48244
 Nocardioidaceae,4.036778,42297
 Geodermatophilaceae,3.156355,33072
 Brevibacteriaceae,2.102232,22027
 Micromonosporaceae,2.056612,21549
 Pasteurellaceae,1.808090,18945
 Pseudonocardiaceae,1.737274,18203
 Sphingomonadaceae,1.521105,15938
 Streptomycetaceae,1.448762,15180
 Micrococcaceae,1.275159,13361
 Microbacteriaceae,1.193845,12509
 Solirubrobacteraceae,1.149370,12043
 Rubrobacteraceae,1.054218,11046
 Mycobacteriaceae,0.752345,7883
 Methylobacteriaceae,0.744614,7802
 Acetobacteraceae,0.702716,7363
 Nocardiaceae,0.661105,6927
 Propionibacteriaceae,0.621116,6508
 Chitinophagaceae,0.589431,6176
 Intrasporangiaceae,0.566621,5937
 Bradyrhizobiaceae,0.496664,5204
 Streptosporangiaceae,0.424417,4447
 Carnobacteriaceae,0.417545,4375
 Enterococcaceae,0.394258,4131
 Neisseriaceae,0.374216,3921
 Comamonadaceae,0.311799,3267
 Conexibacteraceae,0.307790,3225
 Kribbellaceae,0.304832,3194
 Hymenobacteraceae,0.292616,3066
 Oxalobacteraceae,0.292520,3065
 Bacillaceae,0.277632,2909
 Isosphaeraceae,0.265702,2784
 Erythrobacteraceae,0.247855,2597
 Thermomonosporaceae,0.243083,2547
 Burkholderiaceae,0.238025,2494
 Aerococcaceae,0.231821,2429
 Morganellaceae,0.229149,2401
 Alcaligenaceae,0.225331,2361
 Xanthomonadaceae,0.218364,2288
 Streptococcaceae,0.213306,2235
 Nitrososphaeraceae,0.212733,2229
 Phyllobacteriaceae,0.207961,2179
 Yersiniaceae,0.207102,2170
 Paenibacillaceae,0.198895,2084
 Sphingosinicellaceae,0.183720,1925
 Cellulomonadaceae,0.173317,1816
 Caulobacteraceae,0.168068,1761
