 taxon_name,percent,reads
 Corynebacteriaceae,14.558038,108796
 Enterobacteriaceae,5.633285,42099
 Microbacteriaceae,4.387777,32791
 Propionibacteriaceae,3.753248,28049
 Nocardioidaceae,3.691963,27591
 Micrococcaceae,3.553202,26554
 Dermabacteraceae,3.081654,23030
 Intrasporangiaceae,2.926969,21874
 Pasteurellaceae,2.406045,17981
 Geodermatophilaceae,2.349711,17560
 Dermatophilaceae,2.187666,16349
 Sphingomonadaceae,2.132536,15937
 Sphingobacteriaceae,1.978387,14785
 Enterococcaceae,1.887797,14108
 Acetobacteraceae,1.621648,12119
 Hymenobacteraceae,1.555546,11625
 Lactobacillaceae,1.372360,10256
 Pseudonocardiaceae,1.281770,9579
 Dermacoccaceae,1.251796,9355
 Methylobacteriaceae,1.142339,8537
 Streptomycetaceae,1.136452,8493
 Chitinophagaceae,0.817983,6113
 Micromonosporaceae,0.794834,5940
 Nocardiaceae,0.752951,5627
 Dietziaceae,0.747866,5589
 Mycobacteriaceae,0.619007,4626
 Solirubrobacteraceae,0.548355,4098
 Aerococcaceae,0.480647,3592
 Ornithinimicrobiaceae,0.450004,3363
 Kineosporiaceae,0.439300,3283
 Acidobacteriaceae,0.400762,2995
 Staphylococcaceae,0.384437,2873
 Oxalobacteraceae,0.374000,2795
 Pleosporaceae,0.331850,2480
 Comamonadaceae,0.329174,2460
 Rubrobacteraceae,0.319807,2390
 Xanthomonadaceae,0.314722,2352
 Cellulomonadaceae,0.284347,2125
 Pseudomonadaceae,0.273508,2044
 Teratosphaeriaceae,0.272706,2038
 Saccotheciaceae,0.272572,2037
 Bradyrhizobiaceae,0.269227,2012
 Streptosporangiaceae,0.267621,2000
 Morganellaceae,0.262536,1962
 Brevibacteriaceae,0.250627,1873
 Isosphaeraceae,0.215702,1612
 Bacillaceae,0.200716,1500
 Yersiniaceae,0.199645,1492
 Thermomonosporaceae,0.194159,1451
 Kribbellaceae,0.193088,1443
