 taxon_name,percent,reads
 Micrococcaceae,12.926958,254503
 Brevibacteriaceae,6.710613,132117
 Corynebacteriaceae,5.620850,110662
 Dermabacteraceae,4.922345,96910
 Pasteurellaceae,3.208997,63178
 Staphylococcaceae,2.080073,40952
 Rubrobacteraceae,2.042385,40210
 Micromonosporaceae,1.734833,34155
 Pseudonocardiaceae,1.700548,33480
 Streptomycetaceae,1.688713,33247
 Dietziaceae,1.560207,30717
 Bradyrhizobiaceae,1.536995,30260
 Microbacteriaceae,1.520487,29935
 Solirubrobacteraceae,1.460907,28762
 Nocardioidaceae,1.293493,25466
 Intrasporangiaceae,0.822033,16184
 Mycobacteriaceae,0.804560,15840
 Streptosporangiaceae,0.718162,14139
 Geodermatophilaceae,0.577922,11378
 Dermacoccaceae,0.554202,10911
 Methylobacteriaceae,0.549631,10821
 Aerococcaceae,0.544094,10712
 Conexibacteraceae,0.489390,9635
 Propionibacteriaceae,0.466229,9179
 Acetobacteraceae,0.456121,8980
 Nitrososphaeraceae,0.445454,8770
 Kribbellaceae,0.437226,8608
 Nocardiaceae,0.419601,8261
 Sphingomonadaceae,0.401721,7909
 Rhizobiaceae,0.393239,7742
 Isosphaeraceae,0.364287,7172
 Phyllobacteriaceae,0.303640,5978
 Gemmataceae,0.293177,5772
 Chitinophagaceae,0.280936,5531
 Thermomonosporaceae,0.275501,5424
 Comamonadaceae,0.260415,5127
 Enterococcaceae,0.243908,4802
 Archangiaceae,0.238117,4688
 Kytococcaceae,0.229432,4517
 Carnobacteriaceae,0.218410,4300
 Bacillaceae,0.216632,4265
 Gemmatimonadaceae,0.211349,4161
 Burkholderiaceae,0.207743,4090
 Hyphomicrobiaceae,0.197635,3891
 Paenibacillaceae,0.197432,3887
 Kallotenuaceae,0.195451,3848
 Acidobacteriaceae,0.162741,3204
 Planctomycetaceae,0.159693,3144
 Oxalobacteraceae,0.151973,2992
 Xanthomonadaceae,0.149992,2953
