 taxon_name,percent,reads
 Bacillus phage G,3.502181,289
 Microbacterium phage Min1,3.308289,273
 Peduovirinae,2.920504,241
 Eurybiavirus,2.363064,195
 Cafeteria roenbergensis virus BV-PW1,2.302472,190
 Staphylococcaceae,2.132816,176
 Mimiviridae,1.902569,157
 Myoviridae,1.878332,155
 Siphoviridae,1.745032,144
 Mycobacterium phage Kumao,1.684440,139
 Phaeocystis globosa virus,1.587494,131
 Faecalibacterium phage FP_Brigit,1.587494,131
 Mycobacterium phage Phabba,1.502666,124
 Likavirus,1.478430,122
 Only Syngen Nebraska virus 5,1.405720,116
 Streptococcaceae,1.381483,114
 Streptomyces phage Celia,1.248182,103
 Escherichia phage 500465-1,1.236064,102
 Omegavirus,1.211827,100
 Streptomyces phage BRock,0.908871,75
 Caudovirales,0.739215,61
 Trichoplusia ni ascovirus 2c,0.739215,61
 Chlorovirus,0.727096,60
 Arquatrovirinae,0.714978,59
 Geobacillus virus E3,0.666505,55
 Orpheovirus IHUMI-LCC2,0.666505,55
 Bacillus phage phi4J1,0.654387,54
 Bacillus phage SP-15,0.642269,53
 Agrobacterium phage Atu_ph07,0.642269,53
 Chrysochromulina ericina virus,0.618032,51
 Cedratvirus A11,0.618032,51
 Flavobacterium phage vB_FspM_immuto_2-6A,0.618032,51
 Acanthamoeba polyphaga mimivirus,0.605914,50
 Biquartavirus,0.605914,50
 Phapecoctavirus,0.605914,50
 Acanthocystis turfacea chlorella virus 1,0.581677,48
 Sphingomonas phage PAU,0.569559,47
 Streptomyces phage BillNye,0.545322,45
 Pseudomonas phage 201phi2-1,0.484731,40
 Aureococcus anophagefferens virus,0.484731,40
 Synechococcus phage S-SKS1,0.460494,38
 Dishui lake phycodnavirus 1,0.460494,38
 Planktothrix phage PaV-LD,0.448376,37
 Pandoravirus,0.436258,36
 Megavirus chiliensis,0.412021,34
 Scale drop disease virus,0.412021,34
 Prasinovirus,0.399903,33
 Micromonas pusilla virus 12T,0.387785,32
 Gordonia phage Daredevil,0.387785,32
 Acanthamoeba polyphaga moumouvirus,0.375667,31
