Name,P/A
 Acetobacteraceae,1
 Actinomycetaceae,0
 Bacteroidaceae,0
 Burkholderiaceae,0
 Chitinophagaceae,1
 Cladosporiaceae,0
 Corynebacteriaceae,1
 Cucurbitariaceae,0
 Didymellaceae,0
 Didymosphaeriaceae,0
 Enterobacteriaceae,1
 Enterococcaceae,0
 Geodermatophilaceae,1
 Hymenobacteraceae,1
 Intrasporangiaceae,0
 Lawsonellaceae,1
 Leptosphaeriaceae,0
 Lindgomycetaceae,0
 Lophiostomataceae,0
 Melanommataceae,0
 Methylobacteriaceae,1
 Microbacteriaceae,1
 Micrococcaceae,1
 Micromonosporaceae,1
 Moraxellaceae,1
 Morganellaceae,0
 Mycobacteriaceae,1
 Mycosphaerellaceae,0
 Nocardioidaceae,1
 Pasteurellaceae,0
 Phaeosphaeriaceae,0
 Phyllobacteriaceae,0
 Pleosporaceae,0
 Propionibacteriaceae,1
 Pseudomonadaceae,1
 Pseudonocardiaceae,1
 Rhodobacteraceae,0
 Solirubrobacteraceae,0
 Sphingomonadaceae,1
 Staphylococcaceae,1
 Streptococcaceae,1
 Streptomycetaceae,0
 Synergistaceae,0
 Teratosphaeriaceae,0
 Vibrionaceae,0
