Name,P/A
 Acanthamoeba polyphaga mimivirus,0
 Bacillus phage G,1
 Badnavirus,0
 BeAn 58058 virus,1
 Blackberry virus F,0
 Bongovirus,0
 Cafeteria roenbergensis virus BV-PW1,1
 Caudovirales,1
 Chrysochromulina ericina virus,0
 Citexvirus,0
 Cladosporium fulvum T-1 virus,0
 Escherichia phage 500465-1,0
 Escherichia phage D6,0
 Escherichia phage RCS47,0
 Escherichia phage vB_EcoM_G4507,1
 Eurybiavirus,1
 Faecalibacterium phage FP_Brigit,1
 Leucotheavirus,0
 Likavirus,1
 Lymphocystis disease virus Sa,0
 Microbacterium phage Min1,1
 Mimiviridae,1
 Mycobacterium phage Kumao,1
 Mycobacterium phage Phabba,0
 Myoviridae,1
 Omegavirus,1
 Only Syngen Nebraska virus 5,1
 Orpheovirus IHUMI-LCC2,0
 Pahexavirus,0
 Peduovirinae,1
 Phaeocystis globosa virus,1
 Pinus nigra virus 1,0
 Prochlorococcus phage P-TIM68,1
 Pseudomonas phage F10,0
 Pseudomonas phage phi2,0
 Pseudomonas virus Pf1,0
 Ronodorvirus,0
 Siphoviridae,1
 Staphylococcaceae,1
 Staphylococcus phage SPbeta-like,0
 Streptococcaceae,0
 Streptococcus phage Dp-1,0
 Streptomyces phage Celia,1
 Synechococcus phage S-P4,0
