Name,P/A
 Acanthamoeba polyphaga mimivirus,0
 Bacillus phage G,0
 Badnavirus,1
 BeAn 58058 virus,1
 Blackberry virus F,1
 Bongovirus,0
 Cafeteria roenbergensis virus BV-PW1,0
 Caudovirales,1
 Chrysochromulina ericina virus,0
 Citexvirus,1
 Cladosporium fulvum T-1 virus,1
 Escherichia phage 500465-1,1
 Escherichia phage D6,1
 Escherichia phage RCS47,1
 Escherichia phage vB_EcoM_G4507,1
 Eurybiavirus,0
 Faecalibacterium phage FP_Brigit,0
 Leucotheavirus,1
 Likavirus,0
 Lymphocystis disease virus Sa,0
 Microbacterium phage Min1,0
 Mimiviridae,0
 Mycobacterium phage Kumao,0
 Mycobacterium phage Phabba,0
 Myoviridae,1
 Omegavirus,0
 Only Syngen Nebraska virus 5,0
 Orpheovirus IHUMI-LCC2,0
 Pahexavirus,0
 Peduovirinae,1
 Phaeocystis globosa virus,0
 Pinus nigra virus 1,1
 Prochlorococcus phage P-TIM68,1
 Pseudomonas phage F10,1
 Pseudomonas phage phi2,1
 Pseudomonas virus Pf1,1
 Ronodorvirus,1
 Siphoviridae,0
 Staphylococcaceae,0
 Staphylococcus phage SPbeta-like,0
 Streptococcaceae,0
 Streptococcus phage Dp-1,0
 Streptomyces phage Celia,0
 Synechococcus phage S-P4,1
