Name,P/A
 Acetobacteraceae,0
 Actinomycetaceae,0
 Bacteroidaceae,1
 Burkholderiaceae,1
 Chitinophagaceae,0
 Cladosporiaceae,0
 Corynebacteriaceae,0
 Cucurbitariaceae,0
 Didymellaceae,0
 Didymosphaeriaceae,0
 Enterobacteriaceae,1
 Enterococcaceae,1
 Geodermatophilaceae,1
 Hymenobacteraceae,0
 Intrasporangiaceae,0
 Lawsonellaceae,0
 Leptosphaeriaceae,0
 Lindgomycetaceae,0
 Lophiostomataceae,0
 Melanommataceae,0
 Methylobacteriaceae,0
 Microbacteriaceae,1
 Micrococcaceae,0
 Micromonosporaceae,1
 Moraxellaceae,1
 Morganellaceae,1
 Mycobacteriaceae,0
 Mycosphaerellaceae,0
 Nocardioidaceae,1
 Pasteurellaceae,1
 Phaeosphaeriaceae,0
 Phyllobacteriaceae,1
 Pleosporaceae,0
 Propionibacteriaceae,1
 Pseudomonadaceae,1
 Pseudonocardiaceae,0
 Rhodobacteraceae,1
 Solirubrobacteraceae,0
 Sphingomonadaceae,0
 Staphylococcaceae,1
 Streptococcaceae,1
 Streptomycetaceae,1
 Synergistaceae,1
 Teratosphaeriaceae,0
 Vibrionaceae,1
