Name,P/A
 Acetobacteraceae,0
 Acidobacteriaceae,1
 Actinomycetaceae,1
 Archangiaceae,0
 Azospirillaceae,0
 Bacillaceae,0
 Bradyrhizobiaceae,0
 Brevibacteriaceae,1
 Chitinophagaceae,0
 Comamonadaceae,0
 Corynebacteriaceae,1
 Dermabacteraceae,1
 Dermacoccaceae,0
 Dermatophilaceae,0
 Dietziaceae,0
 Enterobacteriaceae,0
 Enterococcaceae,1
 Erwiniaceae,1
 Geodermatophilaceae,0
 Hafniaceae,0
 Hymenobacteraceae,0
 Intrasporangiaceae,1
 Lactobacillaceae,1
 Methylobacteriaceae,0
 Microbacteriaceae,1
 Micrococcaceae,1
 Micromonosporaceae,0
 Moraxellaceae,0
 Morganellaceae,0
 Mycobacteriaceae,0
 Myxococcaceae,0
 Neisseriaceae,1
 Nocardiaceae,0
 Nocardioidaceae,1
 Oxalobacteraceae,0
 Paenibacillaceae,0
 Pasteurellaceae,1
 Pectobacteriaceae,0
 Propionibacteriaceae,1
 Pseudoalteromonadaceae,0
 Pseudomonadaceae,0
 Pseudonocardiaceae,1
 Rhizopodaceae,0
 Rubrobacteraceae,0
 Saccotheciaceae,1
 Solirubrobacteraceae,0
 Sphingobacteriaceae,0
 Sphingomonadaceae,0
 Staphylococcaceae,1
 Streptococcaceae,0
 Streptomycetaceae,1
 Streptosporangiaceae,0
 Vibrionaceae,0
 Weeksellaceae,1
 Xanthomonadaceae,0
 Yersiniaceae,0
