Name,P/A
 Acetobacteraceae,1
 Acidobacteriaceae,1
 Actinomycetaceae,0
 Archangiaceae,0
 Azospirillaceae,0
 Bacillaceae,0
 Bradyrhizobiaceae,0
 Brevibacteriaceae,0
 Chitinophagaceae,0
 Comamonadaceae,0
 Corynebacteriaceae,1
 Dermabacteraceae,1
 Dermacoccaceae,1
 Dermatophilaceae,0
 Dietziaceae,0
 Enterobacteriaceae,0
 Enterococcaceae,0
 Erwiniaceae,0
 Geodermatophilaceae,1
 Hafniaceae,0
 Hymenobacteraceae,0
 Intrasporangiaceae,1
 Lactobacillaceae,1
 Methylobacteriaceae,1
 Microbacteriaceae,1
 Micrococcaceae,1
 Micromonosporaceae,1
 Moraxellaceae,0
 Morganellaceae,0
 Mycobacteriaceae,1
 Myxococcaceae,0
 Neisseriaceae,0
 Nocardiaceae,0
 Nocardioidaceae,1
 Oxalobacteraceae,0
 Paenibacillaceae,0
 Pasteurellaceae,0
 Pectobacteriaceae,0
 Propionibacteriaceae,1
 Pseudoalteromonadaceae,0
 Pseudomonadaceae,0
 Pseudonocardiaceae,1
 Rhizopodaceae,0
 Rubrobacteraceae,0
 Saccotheciaceae,0
 Solirubrobacteraceae,1
 Sphingobacteriaceae,0
 Sphingomonadaceae,1
 Staphylococcaceae,1
 Streptococcaceae,0
 Streptomycetaceae,1
 Streptosporangiaceae,0
 Vibrionaceae,0
 Weeksellaceae,0
 Xanthomonadaceae,0
 Yersiniaceae,0
