Name,P/A
 Acetobacteraceae,1
 Acidobacteriaceae,0
 Actinomycetaceae,0
 Archangiaceae,1
 Azospirillaceae,1
 Bacillaceae,0
 Bradyrhizobiaceae,0
 Brevibacteriaceae,0
 Chitinophagaceae,1
 Comamonadaceae,1
 Corynebacteriaceae,0
 Dermabacteraceae,0
 Dermacoccaceae,0
 Dermatophilaceae,0
 Dietziaceae,0
 Enterobacteriaceae,0
 Enterococcaceae,0
 Erwiniaceae,0
 Geodermatophilaceae,1
 Hafniaceae,0
 Hymenobacteraceae,1
 Intrasporangiaceae,0
 Lactobacillaceae,0
 Methylobacteriaceae,1
 Microbacteriaceae,1
 Micrococcaceae,1
 Micromonosporaceae,1
 Moraxellaceae,0
 Morganellaceae,0
 Mycobacteriaceae,0
 Myxococcaceae,1
 Neisseriaceae,0
 Nocardiaceae,0
 Nocardioidaceae,1
 Oxalobacteraceae,1
 Paenibacillaceae,0
 Pasteurellaceae,0
 Pectobacteriaceae,0
 Propionibacteriaceae,1
 Pseudoalteromonadaceae,0
 Pseudomonadaceae,0
 Pseudonocardiaceae,1
 Rhizopodaceae,0
 Rubrobacteraceae,1
 Saccotheciaceae,0
 Solirubrobacteraceae,1
 Sphingobacteriaceae,0
 Sphingomonadaceae,1
 Staphylococcaceae,0
 Streptococcaceae,0
 Streptomycetaceae,1
 Streptosporangiaceae,0
 Vibrionaceae,0
 Weeksellaceae,0
 Xanthomonadaceae,0
 Yersiniaceae,0
