Name,P/A
 Acetobacteraceae,0
 Acidobacteriaceae,0
 Actinomycetaceae,0
 Archangiaceae,0
 Azospirillaceae,0
 Bacillaceae,0
 Bradyrhizobiaceae,1
 Brevibacteriaceae,1
 Chitinophagaceae,0
 Comamonadaceae,0
 Corynebacteriaceae,1
 Dermabacteraceae,1
 Dermacoccaceae,1
 Dermatophilaceae,0
 Dietziaceae,1
 Enterobacteriaceae,0
 Enterococcaceae,0
 Erwiniaceae,0
 Geodermatophilaceae,1
 Hafniaceae,0
 Hymenobacteraceae,0
 Intrasporangiaceae,1
 Lactobacillaceae,0
 Methylobacteriaceae,0
 Microbacteriaceae,1
 Micrococcaceae,1
 Micromonosporaceae,1
 Moraxellaceae,0
 Morganellaceae,0
 Mycobacteriaceae,1
 Myxococcaceae,0
 Neisseriaceae,0
 Nocardiaceae,0
 Nocardioidaceae,1
 Oxalobacteraceae,0
 Paenibacillaceae,0
 Pasteurellaceae,1
 Pectobacteriaceae,0
 Propionibacteriaceae,0
 Pseudoalteromonadaceae,0
 Pseudomonadaceae,0
 Pseudonocardiaceae,1
 Rhizopodaceae,0
 Rubrobacteraceae,1
 Saccotheciaceae,0
 Solirubrobacteraceae,1
 Sphingobacteriaceae,0
 Sphingomonadaceae,0
 Staphylococcaceae,1
 Streptococcaceae,0
 Streptomycetaceae,1
 Streptosporangiaceae,1
 Vibrionaceae,0
 Weeksellaceae,0
 Xanthomonadaceae,0
 Yersiniaceae,0
