Name,P/A
 Acetobacteraceae,1
 Acidobacteriaceae,0
 Actinomycetaceae,0
 Archangiaceae,0
 Azospirillaceae,0
 Bacillaceae,0
 Bradyrhizobiaceae,0
 Brevibacteriaceae,0
 Chitinophagaceae,0
 Comamonadaceae,0
 Corynebacteriaceae,1
 Dermabacteraceae,1
 Dermacoccaceae,1
 Dermatophilaceae,1
 Dietziaceae,0
 Enterobacteriaceae,1
 Enterococcaceae,1
 Erwiniaceae,0
 Geodermatophilaceae,1
 Hafniaceae,0
 Hymenobacteraceae,1
 Intrasporangiaceae,1
 Lactobacillaceae,1
 Methylobacteriaceae,1
 Microbacteriaceae,1
 Micrococcaceae,1
 Micromonosporaceae,0
 Moraxellaceae,0
 Morganellaceae,0
 Mycobacteriaceae,0
 Myxococcaceae,0
 Neisseriaceae,0
 Nocardiaceae,0
 Nocardioidaceae,1
 Oxalobacteraceae,0
 Paenibacillaceae,0
 Pasteurellaceae,1
 Pectobacteriaceae,0
 Propionibacteriaceae,1
 Pseudoalteromonadaceae,0
 Pseudomonadaceae,0
 Pseudonocardiaceae,1
 Rhizopodaceae,0
 Rubrobacteraceae,0
 Saccotheciaceae,0
 Solirubrobacteraceae,0
 Sphingobacteriaceae,1
 Sphingomonadaceae,1
 Staphylococcaceae,0
 Streptococcaceae,0
 Streptomycetaceae,0
 Streptosporangiaceae,0
 Vibrionaceae,0
 Weeksellaceae,0
 Xanthomonadaceae,0
 Yersiniaceae,0
