Name,P/A
 Acetobacteraceae,0
 Acidobacteriaceae,0
 Actinomycetaceae,0
 Archangiaceae,0
 Azospirillaceae,0
 Bacillaceae,1
 Bradyrhizobiaceae,0
 Brevibacteriaceae,0
 Chitinophagaceae,0
 Comamonadaceae,0
 Corynebacteriaceae,1
 Dermabacteraceae,0
 Dermacoccaceae,0
 Dermatophilaceae,0
 Dietziaceae,0
 Enterobacteriaceae,1
 Enterococcaceae,1
 Erwiniaceae,1
 Geodermatophilaceae,0
 Hafniaceae,1
 Hymenobacteraceae,0
 Intrasporangiaceae,0
 Lactobacillaceae,0
 Methylobacteriaceae,0
 Microbacteriaceae,0
 Micrococcaceae,0
 Micromonosporaceae,0
 Moraxellaceae,1
 Morganellaceae,1
 Mycobacteriaceae,0
 Myxococcaceae,0
 Neisseriaceae,1
 Nocardiaceae,0
 Nocardioidaceae,0
 Oxalobacteraceae,0
 Paenibacillaceae,1
 Pasteurellaceae,1
 Pectobacteriaceae,1
 Propionibacteriaceae,0
 Pseudoalteromonadaceae,0
 Pseudomonadaceae,1
 Pseudonocardiaceae,0
 Rhizopodaceae,1
 Rubrobacteraceae,0
 Saccotheciaceae,0
 Solirubrobacteraceae,0
 Sphingobacteriaceae,1
 Sphingomonadaceae,0
 Staphylococcaceae,1
 Streptococcaceae,1
 Streptomycetaceae,0
 Streptosporangiaceae,0
 Vibrionaceae,1
 Weeksellaceae,0
 Xanthomonadaceae,1
 Yersiniaceae,1
