Name,P/A
 Acetobacteraceae,1
 Acetobacteraceae,1
 Acidobacteriaceae,0
 Actinomycetaceae,0
 Actinomycetaceae,0
 Archangiaceae,0
 Azospirillaceae,0
 Bacillaceae,0
 Bacteroidaceae,0
 Bradyrhizobiaceae,0
 Brevibacteriaceae,0
 Burkholderiaceae,0
 Chitinophagaceae,1
 Chitinophagaceae,1
 Cladosporiaceae,0
 Comamonadaceae,0
 Corynebacteriaceae,1
 Corynebacteriaceae,1
 Cucurbitariaceae,0
 Dermabacteraceae,0
 Dermacoccaceae,0
 Dermatophilaceae,0
 Didymellaceae,0
 Didymosphaeriaceae,0
 Dietziaceae,0
 Enterobacteriaceae,1
 Enterobacteriaceae,1
 Enterococcaceae,0
 Enterococcaceae,0
 Erwiniaceae,0
 Geodermatophilaceae,1
 Geodermatophilaceae,1
 Hafniaceae,0
 Hymenobacteraceae,1
 Hymenobacteraceae,1
 Intrasporangiaceae,0
 Intrasporangiaceae,0
 Lactobacillaceae,0
 Lawsonellaceae,1
 Leptosphaeriaceae,0
 Lindgomycetaceae,0
 Lophiostomataceae,0
 Melanommataceae,0
 Methylobacteriaceae,1
 Methylobacteriaceae,1
 Microbacteriaceae,1
 Microbacteriaceae,1
 Micrococcaceae,1
 Micrococcaceae,1
 Micromonosporaceae,1
 Micromonosporaceae,1
 Moraxellaceae,1
 Moraxellaceae,1
 Morganellaceae,0
 Morganellaceae,0
 Mycobacteriaceae,1
 Mycobacteriaceae,1
 Mycosphaerellaceae,0
 Myxococcaceae,0
 Neisseriaceae,0
 Nocardiaceae,0
 Nocardioidaceae,1
 Nocardioidaceae,1
 Oxalobacteraceae,0
 Paenibacillaceae,0
 Pasteurellaceae,0
 Pasteurellaceae,0
 Pectobacteriaceae,0
 Phaeosphaeriaceae,0
 Phyllobacteriaceae,0
 Pleosporaceae,0
 Propionibacteriaceae,1
 Propionibacteriaceae,1
 Pseudoalteromonadaceae,0
 Pseudomonadaceae,1
 Pseudomonadaceae,1
 Pseudonocardiaceae,1
 Pseudonocardiaceae,1
 Rhizopodaceae,0
 Rhodobacteraceae,0
 Rubrobacteraceae,0
 Saccotheciaceae,0
 Solirubrobacteraceae,0
 Solirubrobacteraceae,0
 Sphingobacteriaceae,0
 Sphingomonadaceae,1
 Sphingomonadaceae,1
 Staphylococcaceae,1
 Staphylococcaceae,1
 Streptococcaceae,1
 Streptococcaceae,1
 Streptomycetaceae,0
 Streptomycetaceae,0
 Streptosporangiaceae,0
 Synergistaceae,0
 Teratosphaeriaceae,0
 Vibrionaceae,0
 Vibrionaceae,0
 Weeksellaceae,0
 Xanthomonadaceae,0
 Yersiniaceae,0
