Name,P/A
 Acanthamoeba polyphaga mimivirus,1
 Bacillus phage G,1
 Badnavirus,0
 BeAn 58058 virus,1
 Blackberry virus F,0
 Bongovirus,0
 Cafeteria roenbergensis virus BV-PW1,1
 Caudovirales,0
 Chrysochromulina ericina virus,1
 Citexvirus,0
 Cladosporium fulvum T-1 virus,1
 Escherichia phage 500465-1,0
 Escherichia phage D6,0
 Escherichia phage RCS47,0
 Escherichia phage vB_EcoM_G4507,1
 Eurybiavirus,1
 Faecalibacterium phage FP_Brigit,0
 Leucotheavirus,0
 Likavirus,0
 Lymphocystis disease virus Sa,1
 Microbacterium phage Min1,1
 Mimiviridae,1
 Mycobacterium phage Kumao,0
 Mycobacterium phage Phabba,0
 Myoviridae,0
 Omegavirus,0
 Only Syngen Nebraska virus 5,0
 Orpheovirus IHUMI-LCC2,1
 Pahexavirus,1
 Peduovirinae,1
 Phaeocystis globosa virus,1
 Pinus nigra virus 1,0
 Prochlorococcus phage P-TIM68,0
 Pseudomonas phage F10,0
 Pseudomonas phage phi2,0
 Pseudomonas virus Pf1,0
 Ronodorvirus,0
 Siphoviridae,1
 Staphylococcaceae,1
 Staphylococcus phage SPbeta-like,1
 Streptococcaceae,1
 Streptococcus phage Dp-1,1
 Streptomyces phage Celia,0
 Synechococcus phage S-P4,0
