Name,P/A
 Acetobacteraceae,1
 Actinomycetaceae,0
 Bacteroidaceae,0
 Burkholderiaceae,0
 Chitinophagaceae,1
 Cladosporiaceae,1
 Corynebacteriaceae,1
 Cucurbitariaceae,0
 Didymellaceae,0
 Didymosphaeriaceae,0
 Enterobacteriaceae,0
 Enterococcaceae,0
 Geodermatophilaceae,1
 Hymenobacteraceae,1
 Intrasporangiaceae,1
 Lawsonellaceae,0
 Leptosphaeriaceae,0
 Lindgomycetaceae,0
 Lophiostomataceae,0
 Melanommataceae,0
 Methylobacteriaceae,1
 Microbacteriaceae,1
 Micrococcaceae,1
 Micromonosporaceae,1
 Moraxellaceae,0
 Morganellaceae,0
 Mycobacteriaceae,0
 Mycosphaerellaceae,1
 Nocardioidaceae,1
 Pasteurellaceae,0
 Phaeosphaeriaceae,0
 Phyllobacteriaceae,0
 Pleosporaceae,1
 Propionibacteriaceae,1
 Pseudomonadaceae,0
 Pseudonocardiaceae,1
 Rhodobacteraceae,0
 Solirubrobacteraceae,1
 Sphingomonadaceae,1
 Staphylococcaceae,0
 Streptococcaceae,0
 Streptomycetaceae,1
 Synergistaceae,0
 Teratosphaeriaceae,1
 Vibrionaceae,0
