Name,P/A
 Acanthamoeba polyphaga mimivirus,1
 Acetobacteraceae,0
 Bacillus phage G,1
 Bacillus phage G,1
 Bacillus phage phi4J1,0
 Badnavirus,0
 BeAn 58058 virus,1
 BeAn 58058 virus,1
 Blackberry virus F,0
 Bongovirus,0
 Brevibacteriaceae,0
 Brevibacterium phage LuckyBarnes,0
 Cafeteria roenbergensis virus BV-PW1,1
 Cafeteria roenbergensis virus BV-PW1,1
 Caudovirales,0
 Caudovirales,0
 Chrysochromulina ericina virus,1
 Citexvirus,0
 Citexvirus,0
 Cladosporium fulvum T-1 virus,1
 Cladosporium fulvum T-1 virus,1
 Corynebacteriaceae,0
 Cronobacter phage ENT47670,0
 Cronobacter phage vB_CsaP_GAP52,0
 Dermabacteraceae,0
 Enterobacteria phage ES18,0
 Enterobacteria phage IME_EC2,0
 Enterobacteria phage P4,0
 Enterobacteria phage P7,0
 Enterobacteria phage YYZ-2008,0
 Enterobacteriaceae,0
 Erwinia phage ENT90,0
 Erwinia phage vB_EhrS_59,0
 Escherichia phage 186,0
 Escherichia phage 500465-1,0
 Escherichia phage 500465-1,0
 Escherichia phage 500465-2,0
 Escherichia phage D6,0
 Escherichia phage D6,0
 Escherichia phage ESSI2_ev239,0
 Escherichia phage N15,0
 Escherichia phage RCS47,0
 Escherichia phage RCS47,0
 Escherichia phage vB_EcoM_G4507,1
 Escherichia phage vB_EcoM_G4507,1
 Eurybiavirus,1
 Eurybiavirus,1
 Faecalibacterium phage FP_Brigit,0
 Faecalibacterium phage FP_Brigit,0
 Feofaniavirus,0
 Geobacillus virus E3,0
 Geodermatophilaceae,0
 Klebsiella phage phiKO2,0
 Leucotheavirus,0
 Likavirus,0
 Likavirus,0
 Lymphocystis disease virus Sa,1
 Methylobacteriaceae,0
 Microbacteriaceae,0
 Microbacterium phage Min1,1
 Microbacterium phage Min1,1
 Micrococcaceae,0
 Micromonosporaceae,0
 Mimiviridae,1
 Mimiviridae,1
 Mycobacteriaceae,0
 Mycobacterium phage Kumao,0
 Mycobacterium phage Kumao,0
 Mycobacterium phage Phabba,0
 Mycobacterium phage Phabba,0
 Myoviridae,0
 Myoviridae,0
 Nocardiaceae,0
 Nocardioidaceae,0
 Omegavirus,0
 Omegavirus,0
 Only Syngen Nebraska virus 5,0
 Only Syngen Nebraska virus 5,0
 Orpheovirus IHUMI-LCC2,1
 Pahexavirus,1
 Pasteurellaceae,0
 Peduovirinae,1
 Peduovirinae,1
 Peduovirus,0
 Phaeocystis globosa virus,1
 Phaeocystis globosa virus,1
 Phage Gifsy-1,0
 Pinus nigra virus 1,0
 Privateervirus,0
 Prochlorococcus phage P-TIM68,0
 Prochlorococcus phage P-TIM68,0
 Pseudomonas phage Dobby,0
 Pseudomonas phage F10,0
 Pseudomonas phage F10,0
 Pseudomonas phage MD8,0
 Pseudomonas phage phi2,0
 Pseudomonas phage phi2,0
 Pseudomonas phage vB_Pae_BR319a,0
 Pseudomonas virus H66,0
 Pseudomonas virus Pf1,0
 Pseudomonas virus Pf1,0
 Pseudomonas virus phiCTX,0
 Pseudonocardiaceae,0
 Punavirus,0
 Ronodorvirus,0
 Rubrobacteraceae,0
 Salmonella phage Fels-1,0
 Salmonella phage Lumpael,0
 Salmonella phage SJ46,0
 Salmonella phage SPN3UB,0
 Salmonella phage vB_SosS_Oslo,0
 Samwavirus,0
 Serratia phage Parlo,0
 Siphoviridae,1
 Siphoviridae,1
 Solirubrobacteraceae,0
 Sphingomonadaceae,0
 Staphylococcaceae,1
 Staphylococcaceae,1
 Staphylococcus phage SPbeta-like,1
 Staphylococcus phage phiRS7,0
 Streptococcaceae,1
 Streptococcaceae,1
 Streptococcus phage Dp-1,1
 Streptomyces phage BRock,0
 Streptomyces phage Celia,0
 Streptomyces phage Celia,0
 Streptomycetaceae,0
 Synechococcus phage S-P4,0
 Tobacco vein clearing virus,0
 Trichoplusia ni TED virus,0
 Trichoplusia ni ascovirus 2c,0
