Name,P/A
 Acetobacteraceae,0
 Acetobacteraceae,0
 Acidobacteriaceae,0
 Actinomycetaceae,1
 Actinomycetaceae,1
 Archangiaceae,0
 Azospirillaceae,0
 Bacillaceae,0
 Bacteroidaceae,0
 Bradyrhizobiaceae,0
 Brevibacteriaceae,0
 Burkholderiaceae,0
 Chitinophagaceae,0
 Chitinophagaceae,0
 Cladosporiaceae,0
 Comamonadaceae,0
 Corynebacteriaceae,1
 Corynebacteriaceae,1
 Cucurbitariaceae,1
 Dermabacteraceae,0
 Dermacoccaceae,0
 Dermatophilaceae,0
 Didymellaceae,1
 Didymosphaeriaceae,1
 Dietziaceae,0
 Enterobacteriaceae,1
 Enterobacteriaceae,1
 Enterococcaceae,0
 Enterococcaceae,0
 Erwiniaceae,0
 Geodermatophilaceae,1
 Geodermatophilaceae,1
 Hafniaceae,0
 Hymenobacteraceae,0
 Hymenobacteraceae,0
 Intrasporangiaceae,0
 Intrasporangiaceae,0
 Lactobacillaceae,0
 Lawsonellaceae,1
 Leptosphaeriaceae,1
 Lindgomycetaceae,1
 Lophiostomataceae,1
 Melanommataceae,1
 Methylobacteriaceae,0
 Methylobacteriaceae,0
 Microbacteriaceae,0
 Microbacteriaceae,0
 Micrococcaceae,0
 Micrococcaceae,0
 Micromonosporaceae,0
 Micromonosporaceae,0
 Moraxellaceae,0
 Moraxellaceae,0
 Morganellaceae,0
 Morganellaceae,0
 Mycobacteriaceae,0
 Mycobacteriaceae,0
 Mycosphaerellaceae,1
 Myxococcaceae,0
 Neisseriaceae,0
 Nocardiaceae,0
 Nocardioidaceae,1
 Nocardioidaceae,1
 Oxalobacteraceae,0
 Paenibacillaceae,0
 Pasteurellaceae,0
 Pasteurellaceae,0
 Pectobacteriaceae,0
 Phaeosphaeriaceae,1
 Phyllobacteriaceae,0
 Pleosporaceae,1
 Propionibacteriaceae,1
 Propionibacteriaceae,1
 Pseudoalteromonadaceae,0
 Pseudomonadaceae,1
 Pseudomonadaceae,1
 Pseudonocardiaceae,0
 Pseudonocardiaceae,0
 Rhizopodaceae,0
 Rhodobacteraceae,0
 Rubrobacteraceae,0
 Saccotheciaceae,0
 Solirubrobacteraceae,0
 Solirubrobacteraceae,0
 Sphingobacteriaceae,0
 Sphingomonadaceae,0
 Sphingomonadaceae,0
 Staphylococcaceae,0
 Staphylococcaceae,0
 Streptococcaceae,1
 Streptococcaceae,1
 Streptomycetaceae,0
 Streptomycetaceae,0
 Streptosporangiaceae,0
 Synergistaceae,0
 Teratosphaeriaceae,1
 Vibrionaceae,0
 Vibrionaceae,0
 Weeksellaceae,0
 Xanthomonadaceae,0
 Yersiniaceae,0
