Name,P/A
 Acetobacteraceae,0
 Actinomycetaceae,1
 Bacteroidaceae,0
 Burkholderiaceae,0
 Chitinophagaceae,0
 Cladosporiaceae,0
 Corynebacteriaceae,1
 Cucurbitariaceae,1
 Didymellaceae,1
 Didymosphaeriaceae,1
 Enterobacteriaceae,1
 Enterococcaceae,0
 Geodermatophilaceae,1
 Hymenobacteraceae,0
 Intrasporangiaceae,0
 Lawsonellaceae,1
 Leptosphaeriaceae,1
 Lindgomycetaceae,1
 Lophiostomataceae,1
 Melanommataceae,1
 Methylobacteriaceae,0
 Microbacteriaceae,0
 Micrococcaceae,0
 Micromonosporaceae,0
 Moraxellaceae,0
 Morganellaceae,0
 Mycobacteriaceae,0
 Mycosphaerellaceae,1
 Nocardioidaceae,1
 Pasteurellaceae,0
 Phaeosphaeriaceae,1
 Phyllobacteriaceae,0
 Pleosporaceae,1
 Propionibacteriaceae,1
 Pseudomonadaceae,1
 Pseudonocardiaceae,0
 Rhodobacteraceae,0
 Solirubrobacteraceae,0
 Sphingomonadaceae,0
 Staphylococcaceae,0
 Streptococcaceae,1
 Streptomycetaceae,0
 Synergistaceae,0
 Teratosphaeriaceae,1
 Vibrionaceae,0
