Name,P/A
 Acetobacteraceae,0
 Acetobacteraceae,0
 Acidobacteriaceae,0
 Actinomycetaceae,0
 Actinomycetaceae,0
 Archangiaceae,0
 Azospirillaceae,0
 Bacillaceae,0
 Bacteroidaceae,1
 Bradyrhizobiaceae,0
 Brevibacteriaceae,0
 Burkholderiaceae,1
 Chitinophagaceae,0
 Chitinophagaceae,0
 Cladosporiaceae,0
 Comamonadaceae,0
 Corynebacteriaceae,0
 Corynebacteriaceae,0
 Cucurbitariaceae,0
 Dermabacteraceae,0
 Dermacoccaceae,0
 Dermatophilaceae,0
 Didymellaceae,0
 Didymosphaeriaceae,0
 Dietziaceae,0
 Enterobacteriaceae,1
 Enterobacteriaceae,1
 Enterococcaceae,1
 Enterococcaceae,1
 Erwiniaceae,0
 Geodermatophilaceae,1
 Geodermatophilaceae,1
 Hafniaceae,0
 Hymenobacteraceae,0
 Hymenobacteraceae,0
 Intrasporangiaceae,0
 Intrasporangiaceae,0
 Lactobacillaceae,0
 Lawsonellaceae,0
 Leptosphaeriaceae,0
 Lindgomycetaceae,0
 Lophiostomataceae,0
 Melanommataceae,0
 Methylobacteriaceae,0
 Methylobacteriaceae,0
 Microbacteriaceae,1
 Microbacteriaceae,1
 Micrococcaceae,0
 Micrococcaceae,0
 Micromonosporaceae,1
 Micromonosporaceae,1
 Moraxellaceae,1
 Moraxellaceae,1
 Morganellaceae,1
 Morganellaceae,1
 Mycobacteriaceae,0
 Mycobacteriaceae,0
 Mycosphaerellaceae,0
 Myxococcaceae,0
 Neisseriaceae,0
 Nocardiaceae,0
 Nocardioidaceae,1
 Nocardioidaceae,1
 Oxalobacteraceae,0
 Paenibacillaceae,0
 Pasteurellaceae,1
 Pasteurellaceae,1
 Pectobacteriaceae,0
 Phaeosphaeriaceae,0
 Phyllobacteriaceae,1
 Pleosporaceae,0
 Propionibacteriaceae,1
 Propionibacteriaceae,1
 Pseudoalteromonadaceae,0
 Pseudomonadaceae,1
 Pseudomonadaceae,1
 Pseudonocardiaceae,0
 Pseudonocardiaceae,0
 Rhizopodaceae,0
 Rhodobacteraceae,1
 Rubrobacteraceae,0
 Saccotheciaceae,0
 Solirubrobacteraceae,0
 Solirubrobacteraceae,0
 Sphingobacteriaceae,0
 Sphingomonadaceae,0
 Sphingomonadaceae,0
 Staphylococcaceae,1
 Staphylococcaceae,1
 Streptococcaceae,1
 Streptococcaceae,1
 Streptomycetaceae,1
 Streptomycetaceae,1
 Streptosporangiaceae,0
 Synergistaceae,1
 Teratosphaeriaceae,0
 Vibrionaceae,1
 Vibrionaceae,1
 Weeksellaceae,0
 Xanthomonadaceae,0
 Yersiniaceae,0
