Name,P/A
 Acetobacteraceae,0
 Acetobacteraceae,0
 Acidobacteriaceae,0
 Actinomycetaceae,0
 Actinomycetaceae,0
 Archangiaceae,0
 Azospirillaceae,0
 Bacillaceae,0
 Bacteroidaceae,0
 Bradyrhizobiaceae,1
 Brevibacteriaceae,1
 Burkholderiaceae,0
 Chitinophagaceae,0
 Chitinophagaceae,0
 Cladosporiaceae,0
 Comamonadaceae,0
 Corynebacteriaceae,1
 Corynebacteriaceae,1
 Cucurbitariaceae,0
 Dermabacteraceae,1
 Dermacoccaceae,1
 Dermatophilaceae,0
 Didymellaceae,0
 Didymosphaeriaceae,0
 Dietziaceae,1
 Enterobacteriaceae,0
 Enterobacteriaceae,0
 Enterococcaceae,0
 Enterococcaceae,0
 Erwiniaceae,0
 Geodermatophilaceae,1
 Geodermatophilaceae,1
 Hafniaceae,0
 Hymenobacteraceae,0
 Hymenobacteraceae,0
 Intrasporangiaceae,1
 Intrasporangiaceae,1
 Lactobacillaceae,0
 Lawsonellaceae,0
 Leptosphaeriaceae,0
 Lindgomycetaceae,0
 Lophiostomataceae,0
 Melanommataceae,0
 Methylobacteriaceae,0
 Methylobacteriaceae,0
 Microbacteriaceae,1
 Microbacteriaceae,1
 Micrococcaceae,1
 Micrococcaceae,1
 Micromonosporaceae,1
 Micromonosporaceae,1
 Moraxellaceae,0
 Moraxellaceae,0
 Morganellaceae,0
 Morganellaceae,0
 Mycobacteriaceae,1
 Mycobacteriaceae,1
 Mycosphaerellaceae,0
 Myxococcaceae,0
 Neisseriaceae,0
 Nocardiaceae,0
 Nocardioidaceae,1
 Nocardioidaceae,1
 Oxalobacteraceae,0
 Paenibacillaceae,0
 Pasteurellaceae,1
 Pasteurellaceae,1
 Pectobacteriaceae,0
 Phaeosphaeriaceae,0
 Phyllobacteriaceae,0
 Pleosporaceae,0
 Propionibacteriaceae,0
 Propionibacteriaceae,0
 Pseudoalteromonadaceae,0
 Pseudomonadaceae,0
 Pseudomonadaceae,0
 Pseudonocardiaceae,1
 Pseudonocardiaceae,1
 Rhizopodaceae,0
 Rhodobacteraceae,0
 Rubrobacteraceae,1
 Saccotheciaceae,0
 Solirubrobacteraceae,1
 Solirubrobacteraceae,1
 Sphingobacteriaceae,0
 Sphingomonadaceae,0
 Sphingomonadaceae,0
 Staphylococcaceae,1
 Staphylococcaceae,1
 Streptococcaceae,0
 Streptococcaceae,0
 Streptomycetaceae,1
 Streptomycetaceae,1
 Streptosporangiaceae,1
 Synergistaceae,0
 Teratosphaeriaceae,0
 Vibrionaceae,0
 Vibrionaceae,0
 Weeksellaceae,0
 Xanthomonadaceae,0
 Yersiniaceae,0
