Name,P/A
 Acetobacteraceae,1
 Acetobacteraceae,1
 Acidobacteriaceae,0
 Actinomycetaceae,0
 Actinomycetaceae,0
 Archangiaceae,0
 Azospirillaceae,0
 Bacillaceae,0
 Bacteroidaceae,0
 Bradyrhizobiaceae,0
 Brevibacteriaceae,0
 Burkholderiaceae,0
 Chitinophagaceae,0
 Chitinophagaceae,0
 Cladosporiaceae,0
 Comamonadaceae,0
 Corynebacteriaceae,1
 Corynebacteriaceae,1
 Cucurbitariaceae,0
 Dermabacteraceae,1
 Dermacoccaceae,1
 Dermatophilaceae,1
 Didymellaceae,0
 Didymosphaeriaceae,0
 Dietziaceae,0
 Enterobacteriaceae,1
 Enterobacteriaceae,1
 Enterococcaceae,1
 Enterococcaceae,1
 Erwiniaceae,0
 Geodermatophilaceae,1
 Geodermatophilaceae,1
 Hafniaceae,0
 Hymenobacteraceae,1
 Hymenobacteraceae,1
 Intrasporangiaceae,1
 Intrasporangiaceae,1
 Lactobacillaceae,1
 Lawsonellaceae,0
 Leptosphaeriaceae,0
 Lindgomycetaceae,0
 Lophiostomataceae,0
 Melanommataceae,0
 Methylobacteriaceae,1
 Methylobacteriaceae,1
 Microbacteriaceae,1
 Microbacteriaceae,1
 Micrococcaceae,1
 Micrococcaceae,1
 Micromonosporaceae,0
 Micromonosporaceae,0
 Moraxellaceae,0
 Moraxellaceae,0
 Morganellaceae,0
 Morganellaceae,0
 Mycobacteriaceae,0
 Mycobacteriaceae,0
 Mycosphaerellaceae,0
 Myxococcaceae,0
 Neisseriaceae,0
 Nocardiaceae,0
 Nocardioidaceae,1
 Nocardioidaceae,1
 Oxalobacteraceae,0
 Paenibacillaceae,0
 Pasteurellaceae,1
 Pasteurellaceae,1
 Pectobacteriaceae,0
 Phaeosphaeriaceae,0
 Phyllobacteriaceae,0
 Pleosporaceae,0
 Propionibacteriaceae,1
 Propionibacteriaceae,1
 Pseudoalteromonadaceae,0
 Pseudomonadaceae,0
 Pseudomonadaceae,0
 Pseudonocardiaceae,1
 Pseudonocardiaceae,1
 Rhizopodaceae,0
 Rhodobacteraceae,0
 Rubrobacteraceae,0
 Saccotheciaceae,0
 Solirubrobacteraceae,0
 Solirubrobacteraceae,0
 Sphingobacteriaceae,1
 Sphingomonadaceae,1
 Sphingomonadaceae,1
 Staphylococcaceae,0
 Staphylococcaceae,0
 Streptococcaceae,0
 Streptococcaceae,0
 Streptomycetaceae,0
 Streptomycetaceae,0
 Streptosporangiaceae,0
 Synergistaceae,0
 Teratosphaeriaceae,0
 Vibrionaceae,0
 Vibrionaceae,0
 Weeksellaceae,0
 Xanthomonadaceae,0
 Yersiniaceae,0
