Name,P/A
 Acetobacteraceae,0
 Bacillus phage G,1
 Bacillus phage phi4J1,0
 BeAn 58058 virus,0
 Brevibacteriaceae,0
 Brevibacterium phage LuckyBarnes,0
 Cafeteria roenbergensis virus BV-PW1,0
 Caudovirales,1
 Citexvirus,0
 Cladosporium fulvum T-1 virus,0
 Corynebacteriaceae,0
 Cronobacter phage ENT47670,0
 Cronobacter phage vB_CsaP_GAP52,0
 Dermabacteraceae,0
 Enterobacteria phage ES18,0
 Enterobacteria phage IME_EC2,0
 Enterobacteria phage P4,1
 Enterobacteria phage P7,1
 Enterobacteria phage YYZ-2008,1
 Enterobacteriaceae,0
 Erwinia phage ENT90,1
 Erwinia phage vB_EhrS_59,0
 Escherichia phage 186,1
 Escherichia phage 500465-1,1
 Escherichia phage 500465-2,1
 Escherichia phage D6,1
 Escherichia phage ESSI2_ev239,0
 Escherichia phage N15,0
 Escherichia phage RCS47,1
 Escherichia phage vB_EcoM_G4507,0
 Eurybiavirus,0
 Faecalibacterium phage FP_Brigit,0
 Feofaniavirus,0
 Geobacillus virus E3,0
 Geodermatophilaceae,0
 Klebsiella phage phiKO2,0
 Likavirus,0
 Methylobacteriaceae,0
 Microbacteriaceae,0
 Microbacterium phage Min1,0
 Micrococcaceae,0
 Micromonosporaceae,0
 Mimiviridae,0
 Mycobacteriaceae,0
 Mycobacterium phage Kumao,1
 Mycobacterium phage Phabba,0
 Myoviridae,0
 Nocardiaceae,0
 Nocardioidaceae,0
 Omegavirus,0
 Only Syngen Nebraska virus 5,0
 Pasteurellaceae,0
 Peduovirinae,1
 Peduovirus,1
 Phaeocystis globosa virus,0
 Phage Gifsy-1,1
 Privateervirus,1
 Prochlorococcus phage P-TIM68,0
 Pseudomonas phage Dobby,0
 Pseudomonas phage F10,0
 Pseudomonas phage MD8,0
 Pseudomonas phage phi2,0
 Pseudomonas phage vB_Pae_BR319a,0
 Pseudomonas virus H66,0
 Pseudomonas virus Pf1,0
 Pseudomonas virus phiCTX,0
 Pseudonocardiaceae,0
 Punavirus,1
 Rubrobacteraceae,0
 Salmonella phage Fels-1,0
 Salmonella phage Lumpael,0
 Salmonella phage SJ46,1
 Salmonella phage SPN3UB,0
 Salmonella phage vB_SosS_Oslo,1
 Samwavirus,0
 Serratia phage Parlo,1
 Siphoviridae,0
 Solirubrobacteraceae,0
 Sphingomonadaceae,0
 Staphylococcaceae,0
 Staphylococcus phage phiRS7,0
 Streptococcaceae,0
 Streptomyces phage BRock,0
 Streptomyces phage Celia,0
 Streptomycetaceae,0
 Tobacco vein clearing virus,0
 Trichoplusia ni TED virus,0
 Trichoplusia ni ascovirus 2c,0
