Name,P/A
 Acetobacteraceae,0
 Acetobacteraceae,0
 Acidobacteriaceae,0
 Actinomycetaceae,0
 Actinomycetaceae,0
 Archangiaceae,0
 Azospirillaceae,0
 Bacillaceae,1
 Bacteroidaceae,0
 Bradyrhizobiaceae,0
 Brevibacteriaceae,0
 Burkholderiaceae,0
 Chitinophagaceae,0
 Chitinophagaceae,0
 Cladosporiaceae,0
 Comamonadaceae,0
 Corynebacteriaceae,1
 Corynebacteriaceae,1
 Cucurbitariaceae,0
 Dermabacteraceae,0
 Dermacoccaceae,0
 Dermatophilaceae,0
 Didymellaceae,0
 Didymosphaeriaceae,0
 Dietziaceae,0
 Enterobacteriaceae,1
 Enterobacteriaceae,1
 Enterococcaceae,1
 Enterococcaceae,1
 Erwiniaceae,1
 Geodermatophilaceae,0
 Geodermatophilaceae,0
 Hafniaceae,1
 Hymenobacteraceae,0
 Hymenobacteraceae,0
 Intrasporangiaceae,0
 Intrasporangiaceae,0
 Lactobacillaceae,0
 Lawsonellaceae,0
 Leptosphaeriaceae,0
 Lindgomycetaceae,0
 Lophiostomataceae,0
 Melanommataceae,0
 Methylobacteriaceae,0
 Methylobacteriaceae,0
 Microbacteriaceae,0
 Microbacteriaceae,0
 Micrococcaceae,0
 Micrococcaceae,0
 Micromonosporaceae,0
 Micromonosporaceae,0
 Moraxellaceae,1
 Moraxellaceae,1
 Morganellaceae,1
 Morganellaceae,1
 Mycobacteriaceae,0
 Mycobacteriaceae,0
 Mycosphaerellaceae,0
 Myxococcaceae,0
 Neisseriaceae,1
 Nocardiaceae,0
 Nocardioidaceae,0
 Nocardioidaceae,0
 Oxalobacteraceae,0
 Paenibacillaceae,1
 Pasteurellaceae,1
 Pasteurellaceae,1
 Pectobacteriaceae,1
 Phaeosphaeriaceae,0
 Phyllobacteriaceae,0
 Pleosporaceae,0
 Propionibacteriaceae,0
 Propionibacteriaceae,0
 Pseudoalteromonadaceae,0
 Pseudomonadaceae,1
 Pseudomonadaceae,1
 Pseudonocardiaceae,0
 Pseudonocardiaceae,0
 Rhizopodaceae,1
 Rhodobacteraceae,0
 Rubrobacteraceae,0
 Saccotheciaceae,0
 Solirubrobacteraceae,0
 Solirubrobacteraceae,0
 Sphingobacteriaceae,1
 Sphingomonadaceae,0
 Sphingomonadaceae,0
 Staphylococcaceae,1
 Staphylococcaceae,1
 Streptococcaceae,1
 Streptococcaceae,1
 Streptomycetaceae,0
 Streptomycetaceae,0
 Streptosporangiaceae,0
 Synergistaceae,0
 Teratosphaeriaceae,0
 Vibrionaceae,1
 Vibrionaceae,1
 Weeksellaceae,0
 Xanthomonadaceae,1
 Yersiniaceae,1
