 taxon_name,percent,reads
 Pleosporaceae,13.734512,31282
 Pseudonocardiaceae,9.450216,21524
 Geodermatophilaceae,7.127177,16233
 Nocardioidaceae,5.940412,13530
 Propionibacteriaceae,3.935687,8964
 Chitinophagaceae,3.199392,7287
 Acetobacteraceae,2.599205,5920
 Methylobacteriaceae,1.769391,4030
 Micromonosporaceae,1.745243,3975
 Streptomycetaceae,1.494982,3405
 Sphingomonadaceae,1.487957,3389
 Teratosphaeriaceae,1.423416,3242
 Hymenobacteraceae,1.406732,3204
 Microbacteriaceae,1.399707,3188
 Mycosphaerellaceae,1.179740,2687
 Micrococcaceae,1.141104,2599
 Corynebacteriaceae,0.964164,2196
 Intrasporangiaceae,0.830692,1892
 Cladosporiaceae,0.817081,1861
 Solirubrobacteraceae,0.637069,1451
