 taxon_name,percent,reads
 Pleosporaceae,5.866117,7332
 Propionibacteriaceae,4.191569,5239
 Corynebacteriaceae,3.501908,4377
 Leptosphaeriaceae,2.557825,3197
 Phaeosphaeriaceae,2.376209,2970
 Streptococcaceae,2.354607,2943
 Geodermatophilaceae,1.399323,1749
 Lophiostomataceae,1.169703,1462
 Actinomycetaceae,1.168103,1460
 Nocardioidaceae,1.135300,1419
 Didymosphaeriaceae,1.109698,1387
 Teratosphaeriaceae,1.097697,1372
 Melanommataceae,1.060093,1325
 Mycosphaerellaceae,0.987287,1234
 Lindgomycetaceae,0.935282,1169
 Pseudomonadaceae,0.933682,1167
 Enterobacteriaceae,0.908080,1135
 Didymellaceae,0.873677,1092
 Lawsonellaceae,0.860076,1075
 Cucurbitariaceae,0.828873,1036
