 taxon_name,percent,reads
 BeAn 58058 virus,29.694323,1428
 Pahexavirus,3.535039,170
 Bacillus phage G,2.682470,129
 Microbacterium phage Min1,2.162612,104
 Lymphocystis disease virus Sa,1.434810,69
 Peduovirinae,1.414015,68
 Streptococcaceae,1.393221,67
 Mycobacterium phage Kumao,1.372427,66
 Siphoviridae,1.310044,63
 Staphylococcus phage SPbeta-like,1.310044,63
 Cafeteria roenbergensis virus BV-PW1,1.247661,60
 Staphylococcaceae,1.206072,58
 Myoviridae,1.185278,57
 Eurybiavirus,1.122895,54
 Prochlorococcus phage P-TIM68,1.081306,52
 Mimiviridae,0.956540,46
 Bongovirus,0.914951,44
 Phaeocystis globosa virus,0.852568,41
 Omegavirus,0.790185,38
 Mycobacterium phage Phabba,0.748596,36
