 taxon_name,percent,reads
 Escherichia phage vB_EcoM_G4507,84.514221,7133
 BeAn 58058 virus,4.063981,343
 Cladosporium fulvum T-1 virus,0.521327,44
 Pahexavirus,0.497630,42
 Lymphocystis disease virus Sa,0.260664,22
 Chrysochromulina ericina virus,0.225118,19
 Peduovirinae,0.225118,19
 Siphoviridae,0.201422,17
 Microbacterium phage Min1,0.201422,17
 Cafeteria roenbergensis virus BV-PW1,0.201422,17
 Orpheovirus IHUMI-LCC2,0.189573,16
 Eurybiavirus,0.189573,16
 Bacillus phage G,0.189573,16
 Phaeocystis globosa virus,0.177725,15
 Streptococcaceae,0.165877,14
 Acanthamoeba polyphaga mimivirus,0.165877,14
 Staphylococcus phage SPbeta-like,0.165877,14
 Mimiviridae,0.154028,13
 Streptococcus phage Dp-1,0.142180,12
 Staphylococcaceae,0.130332,11
