 taxon_name,percent,reads
 Enterobacteriaceae,11.428961,7535
 Pseudomonadaceae,5.794112,3820
 Bacteroidaceae,4.926512,3248
 Staphylococcaceae,3.506803,2312
 Morganellaceae,2.904640,1915
 Nocardioidaceae,1.909630,1259
 Enterococcaceae,1.806489,1191
 Propionibacteriaceae,1.554703,1025
 Geodermatophilaceae,1.384823,913
 Pasteurellaceae,1.161856,766
 Burkholderiaceae,1.126970,743
 Vibrionaceae,1.048097,691
 Micromonosporaceae,0.963157,635
 Rhodobacteraceae,0.947990,625
 Streptomycetaceae,0.911587,601
 Moraxellaceae,0.899452,593
 Microbacteriaceae,0.869117,573
 Streptococcaceae,0.832714,549
 Phyllobacteriaceae,0.759908,501
 Synergistaceae,0.740190,488
