 taxon_name,percent,reads
 Cladosporium fulvum T-1 virus,5.262458,396
 Bacillus phage G,3.601329,271
 Microbacterium phage Min1,3.189369,240
 Tobacco vein clearing virus,2.897010,218
 Myoviridae,2.578073,194
 Cafeteria roenbergensis virus BV-PW1,2.299003,173
 Staphylococcaceae,2.205980,166
 Peduovirinae,2.019934,152
 Siphoviridae,1.860465,140
 Eurybiavirus,1.833887,138
 Mimiviridae,1.714286,129
 Mycobacterium phage Kumao,1.541528,116
 Mycobacterium phage Phabba,1.461794,110
 Prochlorococcus phage P-TIM68,1.315615,99
 Only Syngen Nebraska virus 5,1.315615,99
 Streptomyces phage Celia,1.289037,97
 Phaeocystis globosa virus,1.196013,90
 Omegavirus,1.129568,85
 Likavirus,1.116279,84
 BeAn 58058 virus,1.063123,80
