 taxon_name,percent,reads
 Micrococcaceae,7.670033,45002
 Staphylococcaceae,7.449656,43709
 Geodermatophilaceae,5.276407,30958
 Corynebacteriaceae,5.100004,29923
 Nocardioidaceae,4.638118,27213
 Micromonosporaceae,4.377689,25685
 Lactobacillaceae,2.787677,16356
 Pseudonocardiaceae,2.199156,12903
 Microbacteriaceae,2.182794,12807
 Methylobacteriaceae,1.873961,10995
 Dermabacteraceae,1.707273,10017
 Propionibacteriaceae,1.691252,9923
 Sphingomonadaceae,1.615748,9480
 Streptomycetaceae,1.572116,9224
 Acetobacteraceae,1.309302,7682
 Intrasporangiaceae,1.197665,7027
 Dermacoccaceae,0.932975,5474
 Acidobacteriaceae,0.868891,5098
 Solirubrobacteraceae,0.851165,4994
 Mycobacteriaceae,0.773446,4538
