 taxon_name,percent,reads
 Corynebacteriaceae,14.558038,108796
 Enterobacteriaceae,5.633285,42099
 Microbacteriaceae,4.387777,32791
 Propionibacteriaceae,3.753248,28049
 Nocardioidaceae,3.691963,27591
 Micrococcaceae,3.553202,26554
 Dermabacteraceae,3.081654,23030
 Intrasporangiaceae,2.926969,21874
 Pasteurellaceae,2.406045,17981
 Geodermatophilaceae,2.349711,17560
 Dermatophilaceae,2.187666,16349
 Sphingomonadaceae,2.132536,15937
 Sphingobacteriaceae,1.978387,14785
 Enterococcaceae,1.887797,14108
 Acetobacteraceae,1.621648,12119
 Hymenobacteraceae,1.555546,11625
 Lactobacillaceae,1.372360,10256
 Pseudonocardiaceae,1.281770,9579
 Dermacoccaceae,1.251796,9355
 Methylobacteriaceae,1.142339,8537
