 taxon_name,percent,reads
 Bacillus phage G,3.886251,753
 Microbacterium phage Min1,3.215318,623
 Peduovirinae,2.977911,577
 Staphylococcaceae,2.353427,456
 Samwavirus,2.152147,417
 Siphoviridae,1.863130,361
 Myoviridae,1.765070,342
 Mimiviridae,1.765070,342
 Eurybiavirus,1.759909,341
 Cafeteria roenbergensis virus BV-PW1,1.687655,327
 Streptococcaceae,1.584434,307
 Brevibacterium phage LuckyBarnes,1.553468,301
 Faecalibacterium phage FP_Brigit,1.414121,274
 Mycobacterium phage Kumao,1.408960,273
 Phaeocystis globosa virus,1.388315,269
 Mycobacterium phage Phabba,1.388315,269
 Escherichia phage 500465-1,1.197358,232
 Only Syngen Nebraska virus 5,1.150908,223
 Geobacillus virus E3,0.965111,187
 Omegavirus,0.965111,187
