 taxon_name,percent,reads
 Yersiniaceae,34.075283,4918153
 Pseudomonadaceae,4.340611,626489
 Pasteurellaceae,0.888466,128234
 Enterobacteriaceae,0.844705,121918
 Moraxellaceae,0.448043,64667
 Staphylococcaceae,0.249356,35990
 Morganellaceae,0.080100,11561
 Erwiniaceae,0.070961,10242
 Vibrionaceae,0.050903,7347
 Corynebacteriaceae,0.043331,6254
 Pectobacteriaceae,0.032598,4705
 Hafniaceae,0.027534,3974
 Brevibacteriaceae,0.015319,2211
 Micrococcaceae,0.013996,2020
 Bacillaceae,0.012416,1792
 Enterococcaceae,0.011023,1591
 Pseudoalteromonadaceae,0.010628,1534
 Dietziaceae,0.010247,1479
 Xanthomonadaceae,0.009714,1402
 Streptococcaceae,0.007344,1060
