 taxon_name,percent,reads
 Escherichia phage vB_EcoM_G4507,5.635979,693
 Klebsiella phage phiKO2,2.756994,339
 Salmonella phage Lumpael,2.659401,327
 Bacillus phage G,2.537410,312
 Peduovirinae,2.472349,304
 Microbacterium phage Min1,2.464216,303
 Siphoviridae,1.927456,237
 Escherichia phage ESSI2_ev239,1.667209,205
 Escherichia phage 500465-1,1.528953,188
 Myoviridae,1.447625,178
 Escherichia phage N15,1.260573,155
 Eurybiavirus,1.219909,150
 Enterobacteria phage IME_EC2,1.162980,143
 Cafeteria roenbergensis virus BV-PW1,1.138582,140
 Mycobacterium phage Kumao,1.106051,136
 Staphylococcaceae,1.089785,134
 Salmonella phage Fels-1,0.959662,118
 Mimiviridae,0.902733,111
 Faecalibacterium phage FP_Brigit,0.837671,103
 Mycobacterium phage Phabba,0.829538,102
