 taxon_name,percent,reads
 Feofaniavirus,5.154233,523
 Erwinia phage vB_EhrS_59,4.109589,417
 Bacillus phage G,3.074800,312
 Erwinia phage ENT90,3.025525,307
 Microbacterium phage Min1,2.306100,234
 Salmonella phage vB_SosS_Oslo,1.971026,200
 Siphoviridae,1.773923,180
 Peduovirinae,1.714792,174
 Caudovirales,1.675372,170
 Salmonella phage SPN3UB,1.596531,162
 Escherichia phage 500465-1,1.399428,142
 Mimiviridae,1.350153,137
 Myoviridae,1.271312,129
 Cafeteria roenbergensis virus BV-PW1,1.251601,127
 Staphylococcaceae,1.241746,126
 Eurybiavirus,1.192471,121
 Enterobacteria phage ES18,1.172760,119
 Mycobacterium phage Kumao,1.162905,118
 Cronobacter phage ENT47670,1.153050,117
 Streptococcaceae,1.143195,116
