 taxon_name,percent,reads
 Peduovirinae,9.726048,20407
 Escherichia phage 500465-1,7.744808,16250
 Erwinia phage ENT90,6.420326,13471
 Escherichia phage 500465-2,3.520194,7386
 Peduovirus,2.262914,4748
 Salmonella phage SJ46,2.249092,4719
 Escherichia phage D6,2.185704,4586
 Escherichia phage RCS47,2.163780,4540
 Enterobacteria phage P4,1.622358,3404
 Punavirus,1.469369,3083
 Enterobacteria phage YYZ-2008,1.385010,2906
 Privateervirus,1.322575,2775
 Serratia phage Parlo,1.232020,2585
 Caudovirales,1.122401,2355
 Enterobacteria phage P7,1.120972,2352
 Mycobacterium phage Kumao,1.043285,2189
 Phage Gifsy-1,0.987999,2073
 Bacillus phage G,0.969412,2034
 Salmonella phage vB_SosS_Oslo,0.898874,1886
 Escherichia phage 186,0.888866,1865
