 taxon_name,percent,reads
 Micrococcaceae,9.680853,76486
 Dermatophilaceae,5.979685,47244
 Geodermatophilaceae,5.780337,45669
 Nocardioidaceae,5.319495,42028
 Propionibacteriaceae,4.348954,34360
 Pseudonocardiaceae,2.812391,22220
 Microbacteriaceae,2.604183,20575
 Acetobacteraceae,2.481663,19607
 Intrasporangiaceae,2.449768,19355
 Methylobacteriaceae,2.218144,17525
 Hymenobacteraceae,2.010315,15883
 Sphingomonadaceae,1.935006,15288
 Corynebacteriaceae,1.902098,15028
 Micromonosporaceae,1.732367,13687
 Streptomycetaceae,1.663640,13144
 Chitinophagaceae,1.587191,12540
 Oxalobacteraceae,1.282536,10133
 Mycobacteriaceae,1.244945,9836
 Dermacoccaceae,1.238110,9782
 Dermabacteraceae,1.176217,9293
