 taxon_name,percent,reads
 Propionibacteriaceae,11.600050,39046
 Geodermatophilaceae,5.007992,16857
 Corynebacteriaceae,4.406094,14831
 Nocardioidaceae,3.847868,12952
 Streptococcaceae,3.701107,12458
 Lawsonellaceae,2.806579,9447
 Chitinophagaceae,2.169922,7304
 Acetobacteraceae,1.778361,5986
 Enterobacteriaceae,1.543960,5197
 Staphylococcaceae,1.254003,4221
 Pseudomonadaceae,1.226077,4127
 Moraxellaceae,1.158341,3899
 Micrococcaceae,1.028811,3463
 Methylobacteriaceae,1.015146,3417
 Pseudonocardiaceae,0.984843,3315
 Hymenobacteraceae,0.933744,3143
 Micromonosporaceae,0.889478,2994
 Microbacteriaceae,0.871653,2934
 Mycobacteriaceae,0.871058,2932
 Sphingomonadaceae,0.827684,2786
