 taxon_name,percent,reads
 Escherichia phage vB_EcoM_G4507,73.921356,4643
 Microbacterium phage Min1,0.875657,55
 Bacillus phage G,0.780131,49
 Siphoviridae,0.700525,44
 Eurybiavirus,0.636841,40
 Cafeteria roenbergensis virus BV-PW1,0.541315,34
 BeAn 58058 virus,0.509473,32
 Peduovirinae,0.509473,32
 Mycobacterium phage Kumao,0.493552,31
 Myoviridae,0.477631,30
 Staphylococcaceae,0.445789,28
 Phaeocystis globosa virus,0.429868,27
 Mimiviridae,0.366184,23
 Caudovirales,0.350263,22
 Only Syngen Nebraska virus 5,0.350263,22
 Likavirus,0.350263,22
 Faecalibacterium phage FP_Brigit,0.350263,22
 Streptomyces phage Celia,0.350263,22
 Omegavirus,0.334342,21
 Prochlorococcus phage P-TIM68,0.318421,20
