 taxon_name,percent,reads
 Escherichia phage vB_EcoM_G4507,86.693924,10177
 Prochlorococcus phage P-TIM68,2.947440,346
 Pinus nigra virus 1,1.115938,131
 Myoviridae,0.868899,102
 Citexvirus,0.323707,38
 Caudovirales,0.306670,36
 Escherichia phage 500465-1,0.289633,34
 BeAn 58058 virus,0.272596,32
 Peduovirinae,0.255558,30
 Synechococcus phage S-P4,0.238521,28
 Badnavirus,0.212965,25
 Pseudomonas phage phi2,0.161854,19
 Pseudomonas phage F10,0.144816,17
 Escherichia phage RCS47,0.136298,16
 Pseudomonas virus Pf1,0.119261,14
 Leucotheavirus,0.119261,14
 Ronodorvirus,0.119261,14
 Cladosporium fulvum T-1 virus,0.110742,13
 Blackberry virus F,0.110742,13
 Escherichia phage D6,0.102223,12
