 taxon_name,percent,reads
 Citexvirus,7.824415,22420
 Peduovirinae,4.643347,13305
 Pseudomonas phage phi2,4.093684,11730
 Escherichia phage 500465-1,3.598812,10312
 Pseudomonas virus Pf1,3.278437,9394
 Escherichia phage RCS47,2.878142,8247
 Pseudomonas phage F10,2.807297,8044
 Pseudomonas phage Dobby,2.341741,6710
 Escherichia phage 500465-2,1.788936,5126
 Cronobacter phage vB_CsaP_GAP52,1.654923,4742
 Escherichia phage D6,1.583380,4537
 Caudovirales,1.511836,4332
 Punavirus,1.387595,3976
 Pseudomonas phage vB_Pae_BR319a,1.239971,3553
 Siphoviridae,1.200884,3441
 Eurybiavirus,1.123058,3218
 Pseudomonas phage MD8,0.956589,2741
 Pseudomonas virus H66,0.938790,2690
 Pseudomonas virus phiCTX,0.865502,2480
 Bacillus phage G,0.815945,2338
