 taxon_name,percent,reads
 Micrococcaceae,39.202652,261201
 Corynebacteriaceae,8.435143,56202
 Erwiniaceae,4.945488,32951
 Acidobacteriaceae,4.266949,28430
 Staphylococcaceae,3.326960,22167
 Saccotheciaceae,1.344622,8959
 Dermabacteraceae,1.225303,8164
 Pasteurellaceae,1.220801,8134
 Microbacteriaceae,1.041748,6941
 Neisseriaceae,1.021786,6808
 Nocardioidaceae,0.851439,5673
 Propionibacteriaceae,0.730319,4866
 Streptomycetaceae,0.626760,4176
 Lactobacillaceae,0.582935,3884
 Brevibacteriaceae,0.553368,3687
 Intrasporangiaceae,0.512994,3418
 Pseudonocardiaceae,0.484478,3228
 Enterococcaceae,0.482677,3216
 Actinomycetaceae,0.405683,2703
 Weeksellaceae,0.373564,2489
