 taxon_name,percent,reads
 Nocardioidaceae,6.382414,60594
 Geodermatophilaceae,4.813828,45702
 Pseudonocardiaceae,3.915356,37172
 Propionibacteriaceae,3.756412,35663
 Micromonosporaceae,3.691633,35048
 Solirubrobacteraceae,3.215222,30525
 Microbacteriaceae,2.710267,25731
 Acetobacteraceae,2.466005,23412
 Weeksellaceae,2.332972,22149
 Sphingomonadaceae,2.266192,21515
 Methylobacteriaceae,2.174765,20647
 Streptomycetaceae,1.902063,18058
 Intrasporangiaceae,1.694035,16083
 Chitinophagaceae,1.649269,15658
 Sphingobacteriaceae,1.605241,15240
 Hymenobacteraceae,1.592286,15117
 Bradyrhizobiaceae,1.451142,13777
 Micrococcaceae,1.402796,13318
 Dermacoccaceae,1.394474,13239
 Mycobacteriaceae,1.368668,12994
