 taxon_name,percent,reads
 Bacillus phage G,3.502181,289
 Microbacterium phage Min1,3.308289,273
 Peduovirinae,2.920504,241
 Eurybiavirus,2.363064,195
 Cafeteria roenbergensis virus BV-PW1,2.302472,190
 Staphylococcaceae,2.132816,176
 Mimiviridae,1.902569,157
 Myoviridae,1.878332,155
 Siphoviridae,1.745032,144
 Mycobacterium phage Kumao,1.684440,139
 Phaeocystis globosa virus,1.587494,131
 Faecalibacterium phage FP_Brigit,1.587494,131
 Mycobacterium phage Phabba,1.502666,124
 Likavirus,1.478430,122
 Only Syngen Nebraska virus 5,1.405720,116
 Streptococcaceae,1.381483,114
 Streptomyces phage Celia,1.248182,103
 Escherichia phage 500465-1,1.236064,102
 Omegavirus,1.211827,100
 Streptomyces phage BRock,0.908871,75
