 taxon_name,percent,reads
 Micrococcaceae,12.926958,254503
 Brevibacteriaceae,6.710613,132117
 Corynebacteriaceae,5.620850,110662
 Dermabacteraceae,4.922345,96910
 Pasteurellaceae,3.208997,63178
 Staphylococcaceae,2.080073,40952
 Rubrobacteraceae,2.042385,40210
 Micromonosporaceae,1.734833,34155
 Pseudonocardiaceae,1.700548,33480
 Streptomycetaceae,1.688713,33247
 Dietziaceae,1.560207,30717
 Bradyrhizobiaceae,1.536995,30260
 Microbacteriaceae,1.520487,29935
 Solirubrobacteraceae,1.460907,28762
 Nocardioidaceae,1.293493,25466
 Intrasporangiaceae,0.822033,16184
 Mycobacteriaceae,0.804560,15840
 Streptosporangiaceae,0.718162,14139
 Geodermatophilaceae,0.577922,11378
 Dermacoccaceae,0.554202,10911
