 taxon_name,percent,reads
 Peduovirinae,4.315289,790
 Bacillus phage G,3.861911,707
 Cafeteria roenbergensis virus BV-PW1,2.414377,442
 Microbacterium phage Min1,2.403452,440
 Mimiviridae,2.403452,440
 Eurybiavirus,2.212269,405
 Staphylococcaceae,2.184957,400
 Phaeocystis globosa virus,2.026547,371
 Myoviridae,2.021085,370
 Streptococcaceae,1.928224,353
 Only Syngen Nebraska virus 5,1.747965,320
 Faecalibacterium phage FP_Brigit,1.709728,313
 Mycobacterium phage Kumao,1.474846,270
 Siphoviridae,1.409297,258
 Mycobacterium phage Phabba,1.310974,240
 Bacillus phage phi4J1,1.207188,221
 Escherichia phage 500465-1,1.185339,217
 Likavirus,1.125253,206
 Trichoplusia ni ascovirus 2c,0.977768,179
 Omegavirus,0.972306,178
