 taxon_name,percent,reads
 Enterobacteriaceae,16.988756,2594616
 Pseudomonadaceae,12.302996,1878981
 Morganellaceae,7.038845,1075011
 Enterococcaceae,3.424694,523038
 Streptococcaceae,1.725363,263507
 Pasteurellaceae,1.211533,185032
 Moraxellaceae,0.698050,106610
 Erwiniaceae,0.255812,39069
 Yersiniaceae,0.255007,38946
 Staphylococcaceae,0.216906,33127
 Corynebacteriaceae,0.174994,26726
 Vibrionaceae,0.115298,17609
 Pectobacteriaceae,0.059447,9079
 Sphingobacteriaceae,0.038212,5836
 Hafniaceae,0.036418,5562
 Bacillaceae,0.031213,4767
 Paenibacillaceae,0.030290,4626
 Xanthomonadaceae,0.026440,4038
 Neisseriaceae,0.024338,3717
 Rhizopodaceae,0.019853,3032
