 taxon_name,percent,reads
 Enterobacteriaceae,18.931637,198364
 Corynebacteriaceae,8.572607,89823
 Dermabacteraceae,5.123923,53688
 Staphylococcaceae,4.604353,48244
 Nocardioidaceae,4.036778,42297
 Geodermatophilaceae,3.156355,33072
 Brevibacteriaceae,2.102232,22027
 Micromonosporaceae,2.056612,21549
 Pasteurellaceae,1.808090,18945
 Pseudonocardiaceae,1.737274,18203
 Sphingomonadaceae,1.521105,15938
 Streptomycetaceae,1.448762,15180
 Micrococcaceae,1.275159,13361
 Microbacteriaceae,1.193845,12509
 Solirubrobacteraceae,1.149370,12043
 Rubrobacteraceae,1.054218,11046
 Mycobacteriaceae,0.752345,7883
 Methylobacteriaceae,0.744614,7802
 Acetobacteraceae,0.702716,7363
 Nocardiaceae,0.661105,6927
