 taxon_name,percent,reads
 Escherichia phage vB_EcoM_G4507,20.442993,1689
 Bacillus phage G,2.977487,246
 Siphoviridae,2.275478,188
 Peduovirinae,1.912370,158
 Microbacterium phage Min1,1.694505,140
 Staphylococcaceae,1.561365,129
 Streptococcaceae,1.500847,124
 Myoviridae,1.500847,124
 Mimiviridae,1.391915,115
 Cafeteria roenbergensis virus BV-PW1,1.379811,114
 Eurybiavirus,1.295086,107
 Mycobacterium phage Kumao,1.053014,87
 Staphylococcus phage phiRS7,0.968289,80
 Faecalibacterium phage FP_Brigit,0.810942,67
 Trichoplusia ni TED virus,0.798838,66
 Only Syngen Nebraska virus 5,0.774631,64
 Likavirus,0.750424,62
 Omegavirus,0.714113,59
 Escherichia phage 500465-1,0.702009,58
 Mycobacterium phage Phabba,0.689906,57
