 taxon_name,percent,reads
 Rubrobacteraceae,6.811016,152927
 Geodermatophilaceae,6.568464,147481
 Nocardioidaceae,5.291123,118801
 Methylobacteriaceae,4.625997,103867
 Acetobacteraceae,3.509749,78804
 Micromonosporaceae,2.564347,57577
 Sphingomonadaceae,2.550229,57260
 Pseudonocardiaceae,2.071047,46501
 Solirubrobacteraceae,1.991370,44712
 Propionibacteriaceae,1.592267,35751
 Streptomycetaceae,1.468408,32970
 Microbacteriaceae,1.368020,30716
 Micrococcaceae,1.230131,27620
 Chitinophagaceae,1.216636,27317
 Oxalobacteraceae,1.127962,25326
 Comamonadaceae,1.117317,25087
 Archangiaceae,0.937919,21059
 Hymenobacteraceae,0.896143,20121
 Azospirillaceae,0.879575,19749
 Myxococcaceae,0.872093,19581
