Name,P/A
 Acetobacteraceae,1
 Actinomycetaceae,0
 Aeromonadaceae,0
 Amniculicolaceae,0
 Archangiaceae,1
 Aspergillaceae,1
 Azospirillaceae,1
 Bacillaceae,0
 Bacteroidaceae,1
 Bradyrhizobiaceae,1
 Burkholderiaceae,1
 Caulobacteraceae,0
 Cellulomonadaceae,1
 Chitinophagaceae,1
 Cladosporiaceae,1
 Comamonadaceae,1
 Corynebacteriaceae,1
 Corynesporascaceae,0
 Cucurbitariaceae,0
 Cytophagaceae,1
 Diademaceae,0
 Didymellaceae,1
 Didymosphaeriaceae,0
 Enterobacteriaceae,1
 Enterococcaceae,0
 Erysipelotrichaceae,0
 Gemmatimonadaceae,1
 Geodermatophilaceae,1
 Halomonadaceae,0
 Hymenobacteraceae,1
 Intrasporangiaceae,1
 Isosphaeraceae,1
 Kineosporiaceae,1
 Kribbellaceae,1
 Lactobacillaceae,0
 Lawsonellaceae,0
 Lentitheciaceae,0
 Leptosphaeriaceae,0
 Lindgomycetaceae,0
 Lophiostomataceae,0
 Lophiotremataceae,0
 Malasseziaceae,0
 Marinilabiliaceae,0
 Massarinaceae,0
 Melanommataceae,0
 Methylobacteriaceae,1
 Microbacteriaceae,1
 Micrococcaceae,1
 Microcoleaceae,0
 Micromonosporaceae,1
 Moraxellaceae,0
 Morganellaceae,0
 Motilibacteraceae,1
 Mycobacteriaceae,1
 Mycosphaerellaceae,1
 Nakamurellaceae,1
 Nocardiaceae,1
 Nocardioidaceae,1
 Oxalobacteraceae,1
 Pasteurellaceae,0
 Peptoniphilaceae,0
 Phaeosphaeriaceae,0
 Phyllobacteriaceae,0
 Plasmodiidae,0
 Pleomassariaceae,0
 Pleosporaceae,1
 Propionibacteriaceae,1
 Pseudomonadaceae,1
 Pseudonocardiaceae,1
 Rhodobacteraceae,1
 Rhodocyclaceae,0
 Roseobacteraceae,1
 Rubrobacteraceae,1
 Saccotheciaceae,1
 Solirubrobacteraceae,1
 Sphingobacteriaceae,1
 Sphingomonadaceae,1
 Sporormiaceae,0
 Staphylococcaceae,1
 Stappiaceae,0
 Streptococcaceae,0
 Streptomycetaceae,1
 Streptosporangiaceae,1
 Synergistaceae,0
 Teratosphaeriaceae,1
 Tetraplosphaeriaceae,0
 Thermomonosporaceae,1
 Torulaceae,0
 Trematosphaeriaceae,0
 Venturiaceae,1
 Vibrionaceae,0
 Xanthomonadaceae,0
 Yersiniaceae,0
 Zopfiaceae,0
