Name,P/A
 Acetobacteraceae,0
 Acetobacteraceae,0
 Acidobacteriaceae,0
 Actinomycetaceae,1
 Actinomycetaceae,1
 Aerococcaceae,0
 Aeromonadaceae,1
 Aeromonadaceae,1
 Alcaligenaceae,0
 Alteromonadaceae,0
 Amniculicolaceae,1
 Anaplasmataceae,0
 Archangiaceae,0
 Archangiaceae,0
 Aspergillaceae,1
 Aspergillaceae,1
 Astraeaceae,0
 Azospirillaceae,0
 Azospirillaceae,0
 Bacillaceae,1
 Bacillaceae,1
 Bacteroidaceae,0
 Bradyrhizobiaceae,0
 Bradyrhizobiaceae,0
 Brevibacteriaceae,0
 Bruguierivoracaceae,0
 Budviciaceae,0
 Burkholderiaceae,1
 Burkholderiaceae,1
 Carnobacteriaceae,0
 Caulobacteraceae,0
 Caulobacteraceae,0
 Cellulomonadaceae,0
 Cellulomonadaceae,0
 Chitinophagaceae,1
 Chitinophagaceae,1
 Chromobacteriaceae,0
 Cladosporiaceae,1
 Comamonadaceae,0
 Comamonadaceae,0
 Conexibacteraceae,0
 Coprobacillaceae,0
 Cordycipitaceae,0
 Corynebacteriaceae,1
 Corynebacteriaceae,1
 Corynesporascaceae,1
 Cryptosporangiaceae,0
 Cucurbitariaceae,1
 Cytophagaceae,0
 Cytophagaceae,0
 Deinococcaceae,0
 Dermabacteraceae,0
 Dermacoccaceae,0
 Dermatophilaceae,0
 Diademaceae,1
 Didymellaceae,1
 Didymosphaeriaceae,1
 Dietziaceae,0
 Dysgonomonadaceae,0
 Endozoicomonadaceae,0
 Enterobacteriaceae,1
 Enterobacteriaceae,1
 Enterococcaceae,1
 Enterococcaceae,1
 Erwiniaceae,0
 Erysipelotrichaceae,0
 Erythrobacteraceae,0
 Filobasidiaceae,0
 Flavobacteriaceae,0
 Frankiaceae,0
 Gemmataceae,0
 Gemmatimonadaceae,0
 Gemmatimonadaceae,0
 Geodermatophilaceae,1
 Geodermatophilaceae,1
 Gordoniaceae,0
 Hafniaceae,0
 Halomonadaceae,0
 Halomonadaceae,0
 Herpotrichiellaceae,0
 Hymenobacteraceae,0
 Hymenobacteraceae,0
 Hyphomicrobiaceae,0
 Iamiaceae,0
 Intrasporangiaceae,0
 Intrasporangiaceae,0
 Isosphaeraceae,0
 Isosphaeraceae,0
 Jatrophihabitantaceae,0
 Kallotenuaceae,0
 Kineosporiaceae,0
 Kineosporiaceae,0
 Kribbellaceae,0
 Kribbellaceae,0
 Kytococcaceae,0
 Lactobacillaceae,0
 Lactobacillaceae,0
 Lawsonellaceae,1
 Legionellaceae,0
 Lentitheciaceae,1
 Leptosphaeriaceae,1
 Lindgomycetaceae,1
 Listeriaceae,0
 Lophiostomataceae,1
 Lophiotremataceae,1
 Malasseziaceae,0
 Marinilabiliaceae,0
 Massarinaceae,1
 Melanommataceae,1
 Methylobacteriaceae,0
 Methylobacteriaceae,0
 Microbacteriaceae,1
 Microbacteriaceae,1
 Micrococcaceae,1
 Micrococcaceae,1
 Microcoleaceae,0
 Microcoleaceae,0
 Micromonosporaceae,1
 Micromonosporaceae,1
 Moraxellaceae,1
 Moraxellaceae,1
 Morganellaceae,0
 Morganellaceae,0
 Motilibacteraceae,0
 Mycobacteriaceae,1
 Mycobacteriaceae,1
 Mycosphaerellaceae,1
 Myxococcaceae,0
 Nakamurellaceae,0
 Nakamurellaceae,0
 Neisseriaceae,0
 Nitrososphaeraceae,0
 Nocardiaceae,0
 Nocardiaceae,0
 Nocardioidaceae,1
 Nocardioidaceae,1
 Orbaceae,0
 Ornithinimicrobiaceae,0
 Oxalobacteraceae,0
 Oxalobacteraceae,0
 Paenibacillaceae,0
 Pasteurellaceae,1
 Pasteurellaceae,1
 Pectobacteriaceae,0
 Peptoniphilaceae,0
 Peptoniphilaceae,0
 Peptostreptococcaceae,0
 Phaeosphaeriaceae,1
 Phyllobacteriaceae,0
 Phyllobacteriaceae,0
 Planctomycetaceae,0
 Planococcaceae,0
 Plasmodiidae,0
 Pleomassariaceae,1
 Pleosporaceae,1
 Pleosporaceae,1
 Propionibacteriaceae,1
 Propionibacteriaceae,1
 Pseudoalteromonadaceae,0
 Pseudomonadaceae,1
 Pseudomonadaceae,1
 Pseudonocardiaceae,1
 Pseudonocardiaceae,1
 Rhizobiaceae,0
 Rhizopodaceae,0
 Rhodobacteraceae,0
 Rhodobacteraceae,0
 Rhodocyclaceae,0
 Roseobacteraceae,0
 Roseobacteraceae,0
 Rubrobacteraceae,0
 Rubrobacteraceae,0
 Saccotheciaceae,0
 Saccotheciaceae,0
 Salinarimonadaceae,0
 Shewanellaceae,0
 Solirubrobacteraceae,1
 Solirubrobacteraceae,1
 Sphingobacteriaceae,0
 Sphingobacteriaceae,0
 Sphingomonadaceae,1
 Sphingomonadaceae,1
 Sphingosinicellaceae,0
 Sporormiaceae,1
 Staphylococcaceae,1
 Staphylococcaceae,1
 Stappiaceae,0
 Streptococcaceae,1
 Streptococcaceae,1
 Streptomycetaceae,1
 Streptomycetaceae,1
 Streptosporangiaceae,0
 Streptosporangiaceae,0
 Synergistaceae,0
 Tepidisphaeraceae,0
 Teratosphaeriaceae,1
 Teratosphaeriaceae,1
 Tetraplosphaeriaceae,1
 Thermomonosporaceae,0
 Thermomonosporaceae,0
 Torulaceae,1
 Trematosphaeriaceae,1
 Venturiaceae,0
 Vibrionaceae,0
 Vibrionaceae,0
 Weeksellaceae,0
 Xanthomonadaceae,0
 Xanthomonadaceae,0
 Yersiniaceae,0
 Yersiniaceae,0
 Zopfiaceae,1
