Name,P/A
 Acetobacteraceae,1
 Acetobacteraceae,1
 Acidobacteriaceae,0
 Actinomycetaceae,0
 Actinomycetaceae,0
 Aerococcaceae,0
 Aeromonadaceae,1
 Aeromonadaceae,1
 Alcaligenaceae,0
 Alteromonadaceae,0
 Amniculicolaceae,0
 Anaplasmataceae,0
 Archangiaceae,0
 Archangiaceae,0
 Aspergillaceae,0
 Aspergillaceae,0
 Astraeaceae,0
 Azospirillaceae,0
 Azospirillaceae,0
 Bacillaceae,1
 Bacillaceae,1
 Bacteroidaceae,1
 Bradyrhizobiaceae,1
 Bradyrhizobiaceae,1
 Brevibacteriaceae,0
 Bruguierivoracaceae,0
 Budviciaceae,0
 Burkholderiaceae,1
 Burkholderiaceae,1
 Carnobacteriaceae,0
 Caulobacteraceae,1
 Caulobacteraceae,1
 Cellulomonadaceae,1
 Cellulomonadaceae,1
 Chitinophagaceae,0
 Chitinophagaceae,0
 Chromobacteriaceae,0
 Cladosporiaceae,0
 Comamonadaceae,1
 Comamonadaceae,1
 Conexibacteraceae,0
 Coprobacillaceae,0
 Cordycipitaceae,0
 Corynebacteriaceae,1
 Corynebacteriaceae,1
 Corynesporascaceae,0
 Cryptosporangiaceae,0
 Cucurbitariaceae,0
 Cytophagaceae,0
 Cytophagaceae,0
 Deinococcaceae,0
 Dermabacteraceae,0
 Dermacoccaceae,0
 Dermatophilaceae,0
 Diademaceae,0
 Didymellaceae,0
 Didymosphaeriaceae,0
 Dietziaceae,0
 Dysgonomonadaceae,0
 Endozoicomonadaceae,0
 Enterobacteriaceae,1
 Enterobacteriaceae,1
 Enterococcaceae,1
 Enterococcaceae,1
 Erwiniaceae,0
 Erysipelotrichaceae,1
 Erythrobacteraceae,0
 Filobasidiaceae,0
 Flavobacteriaceae,0
 Frankiaceae,0
 Gemmataceae,0
 Gemmatimonadaceae,0
 Gemmatimonadaceae,0
 Geodermatophilaceae,1
 Geodermatophilaceae,1
 Gordoniaceae,0
 Hafniaceae,0
 Halomonadaceae,1
 Halomonadaceae,1
 Herpotrichiellaceae,0
 Hymenobacteraceae,1
 Hymenobacteraceae,1
 Hyphomicrobiaceae,0
 Iamiaceae,0
 Intrasporangiaceae,1
 Intrasporangiaceae,1
 Isosphaeraceae,0
 Isosphaeraceae,0
 Jatrophihabitantaceae,0
 Kallotenuaceae,0
 Kineosporiaceae,0
 Kineosporiaceae,0
 Kribbellaceae,1
 Kribbellaceae,1
 Kytococcaceae,0
 Lactobacillaceae,1
 Lactobacillaceae,1
 Lawsonellaceae,0
 Legionellaceae,0
 Lentitheciaceae,0
 Leptosphaeriaceae,0
 Lindgomycetaceae,0
 Listeriaceae,0
 Lophiostomataceae,0
 Lophiotremataceae,0
 Malasseziaceae,1
 Marinilabiliaceae,1
 Massarinaceae,0
 Melanommataceae,0
 Methylobacteriaceae,1
 Methylobacteriaceae,1
 Microbacteriaceae,1
 Microbacteriaceae,1
 Micrococcaceae,1
 Micrococcaceae,1
 Microcoleaceae,0
 Microcoleaceae,0
 Micromonosporaceae,1
 Micromonosporaceae,1
 Moraxellaceae,1
 Moraxellaceae,1
 Morganellaceae,1
 Morganellaceae,1
 Motilibacteraceae,0
 Mycobacteriaceae,1
 Mycobacteriaceae,1
 Mycosphaerellaceae,0
 Myxococcaceae,0
 Nakamurellaceae,0
 Nakamurellaceae,0
 Neisseriaceae,0
 Nitrososphaeraceae,0
 Nocardiaceae,1
 Nocardiaceae,1
 Nocardioidaceae,1
 Nocardioidaceae,1
 Orbaceae,0
 Ornithinimicrobiaceae,0
 Oxalobacteraceae,1
 Oxalobacteraceae,1
 Paenibacillaceae,0
 Pasteurellaceae,1
 Pasteurellaceae,1
 Pectobacteriaceae,0
 Peptoniphilaceae,0
 Peptoniphilaceae,0
 Peptostreptococcaceae,0
 Phaeosphaeriaceae,0
 Phyllobacteriaceae,1
 Phyllobacteriaceae,1
 Planctomycetaceae,0
 Planococcaceae,0
 Plasmodiidae,0
 Pleomassariaceae,0
 Pleosporaceae,0
 Pleosporaceae,0
 Propionibacteriaceae,1
 Propionibacteriaceae,1
 Pseudoalteromonadaceae,0
 Pseudomonadaceae,1
 Pseudomonadaceae,1
 Pseudonocardiaceae,1
 Pseudonocardiaceae,1
 Rhizobiaceae,0
 Rhizopodaceae,0
 Rhodobacteraceae,1
 Rhodobacteraceae,1
 Rhodocyclaceae,1
 Roseobacteraceae,1
 Roseobacteraceae,1
 Rubrobacteraceae,0
 Rubrobacteraceae,0
 Saccotheciaceae,0
 Saccotheciaceae,0
 Salinarimonadaceae,0
 Shewanellaceae,0
 Solirubrobacteraceae,1
 Solirubrobacteraceae,1
 Sphingobacteriaceae,1
 Sphingobacteriaceae,1
 Sphingomonadaceae,1
 Sphingomonadaceae,1
 Sphingosinicellaceae,0
 Sporormiaceae,0
 Staphylococcaceae,1
 Staphylococcaceae,1
 Stappiaceae,1
 Streptococcaceae,1
 Streptococcaceae,1
 Streptomycetaceae,1
 Streptomycetaceae,1
 Streptosporangiaceae,1
 Streptosporangiaceae,1
 Synergistaceae,1
 Tepidisphaeraceae,0
 Teratosphaeriaceae,0
 Teratosphaeriaceae,0
 Tetraplosphaeriaceae,0
 Thermomonosporaceae,0
 Thermomonosporaceae,0
 Torulaceae,0
 Trematosphaeriaceae,0
 Venturiaceae,0
 Vibrionaceae,1
 Vibrionaceae,1
 Weeksellaceae,0
 Xanthomonadaceae,0
 Xanthomonadaceae,0
 Yersiniaceae,1
 Yersiniaceae,1
 Zopfiaceae,0
