Name,P/A
 Acetobacteraceae,1
 Actinomycetaceae,0
 Aeromonadaceae,1
 Amniculicolaceae,0
 Archangiaceae,0
 Aspergillaceae,0
 Azospirillaceae,0
 Bacillaceae,1
 Bacteroidaceae,1
 Bradyrhizobiaceae,1
 Burkholderiaceae,1
 Caulobacteraceae,1
 Cellulomonadaceae,1
 Chitinophagaceae,0
 Cladosporiaceae,0
 Comamonadaceae,1
 Corynebacteriaceae,1
 Corynesporascaceae,0
 Cucurbitariaceae,0
 Cytophagaceae,0
 Diademaceae,0
 Didymellaceae,0
 Didymosphaeriaceae,0
 Enterobacteriaceae,1
 Enterococcaceae,1
 Erysipelotrichaceae,1
 Gemmatimonadaceae,0
 Geodermatophilaceae,1
 Halomonadaceae,1
 Hymenobacteraceae,1
 Intrasporangiaceae,1
 Isosphaeraceae,0
 Kineosporiaceae,0
 Kribbellaceae,1
 Lactobacillaceae,1
 Lawsonellaceae,0
 Lentitheciaceae,0
 Leptosphaeriaceae,0
 Lindgomycetaceae,0
 Lophiostomataceae,0
 Lophiotremataceae,0
 Malasseziaceae,1
 Marinilabiliaceae,1
 Massarinaceae,0
 Melanommataceae,0
 Methylobacteriaceae,1
 Microbacteriaceae,1
 Micrococcaceae,1
 Microcoleaceae,0
 Micromonosporaceae,1
 Moraxellaceae,1
 Morganellaceae,1
 Motilibacteraceae,0
 Mycobacteriaceae,1
 Mycosphaerellaceae,0
 Nakamurellaceae,0
 Nocardiaceae,1
 Nocardioidaceae,1
 Oxalobacteraceae,1
 Pasteurellaceae,1
 Peptoniphilaceae,0
 Phaeosphaeriaceae,0
 Phyllobacteriaceae,1
 Plasmodiidae,0
 Pleomassariaceae,0
 Pleosporaceae,0
 Propionibacteriaceae,1
 Pseudomonadaceae,1
 Pseudonocardiaceae,1
 Rhodobacteraceae,1
 Rhodocyclaceae,1
 Roseobacteraceae,1
 Rubrobacteraceae,0
 Saccotheciaceae,0
 Solirubrobacteraceae,1
 Sphingobacteriaceae,1
 Sphingomonadaceae,1
 Sporormiaceae,0
 Staphylococcaceae,1
 Stappiaceae,1
 Streptococcaceae,1
 Streptomycetaceae,1
 Streptosporangiaceae,1
 Synergistaceae,1
 Teratosphaeriaceae,0
 Tetraplosphaeriaceae,0
 Thermomonosporaceae,0
 Torulaceae,0
 Trematosphaeriaceae,0
 Venturiaceae,0
 Vibrionaceae,1
 Xanthomonadaceae,0
 Yersiniaceae,1
 Zopfiaceae,0
