Name,P/A
 Acanthamoeba polyphaga mimivirus,0
 Acanthamoeba polyphaga mimivirus,0
 Acanthamoeba polyphaga moumouvirus,0
 Acanthamoeba polyphaga moumouvirus,0
 Acanthocystis turfacea chlorella virus 1,0
 Acanthocystis turfacea chlorella virus 1,0
 Acetobacteraceae,0
 Aerococcaceae,0
 Aeromonas phage 44RR2.8t,0
 Aeromonas virus 31,0
 Agrobacterium phage Atu_ph07,0
 Agrobacterium phage Atu_ph07,0
 Alcaligenaceae,0
 Arquatrovirinae,0
 Arquatrovirinae,0
 Aureococcus anophagefferens virus,0
 Aureococcus anophagefferens virus,0
 Bacillaceae,0
 Bacillus phage G,1
 Bacillus phage G,1
 Bacillus phage SP-15,0
 Bacillus phage phi4J1,1
 Bacillus phage phi4J1,1
 Badnavirus,0
 Banana streak UI virus,0
 Bathycoccus sp. RCC1105 virus BpV1,0
 BeAn 58058 virus,0
 BeAn 58058 virus,0
 Biquartavirus,0
 Biquartavirus,0
 Blackberry virus F,0
 Bongovirus,0
 Bougainvillea chlorotic vein banding virus,0
 Bradyrhizobiaceae,0
 Brevibacteriaceae,0
 Brevibacterium phage AGM1,0
 Brevibacterium phage LuckyBarnes,0
 Bronfenbrennervirinae,0
 Bronfenbrennervirinae,0
 Burkholderia virus phiE125,0
 Burkholderia virus phiE125,0
 Burkholderiaceae,0
 Cafeteria roenbergensis virus BV-PW1,0
 Cafeteria roenbergensis virus BV-PW1,0
 Carnobacteriaceae,0
 Caudovirales,1
 Caudovirales,1
 Caulobacteraceae,0
 Cedratvirus A11,0
 Cedratvirus A11,0
 Ceetrepovirus,1
 Ceetrepovirus,1
 Cellulomonadaceae,0
 Cheoctovirus,0
 Chitinophagaceae,0
 Chloriridovirus,0
 Chlorovirus,0
 Chlorovirus,0
 Chrysochromulina ericina virus,1
 Chrysochromulina ericina virus,1
 Citexvirus,0
 Citexvirus,0
 Cladosporium fulvum T-1 virus,0
 Cladosporium fulvum T-1 virus,0
 Comamonadaceae,0
 Conexibacteraceae,0
 Corynebacteriaceae,0
 Corynebacterium phage Juicebox,0
 Corynebacterium phage P1201,0
 Cotesia congregata bracovirus,0
 Cronobacter phage CR5,1
 Cronobacter phage ENT39118,1
 Cronobacter phage ENT47670,0
 Cronobacter phage vB_CsaP_GAP52,0
 Cronobacter phage vB_CsaP_GAP52,0
 Cyanophage NATL1A-7,0
 Cyanophage P-TIM40,0
 Dermabacteraceae,0
 Diadromus pulchellus ascovirus 4a,0
 Diadromus pulchellus ascovirus 4a,0
 Dioscorea bacilliform TR virus,0
 Diplodia scrobiculata RNA virus 1,0
 Dishui lake phycodnavirus 1,0
 Eganvirus,1
 Eganvirus,1
 Emiliania huxleyi virus 86,0
 Enterobacter phage vB_EclM_CIP9,1
 Enterobacteria phage ES18,0
 Enterobacteria phage IME_EC2,0
 Enterobacteria phage P4,1
 Enterobacteria phage P7,1
 Enterobacteria phage VT2phi_272,1
 Enterobacteria phage YYZ-2008,1
 Enterobacteria phage mEp235,0
 Enterobacteria phage phiP27,0
 Enterobacteriaceae,0
 Enterobacterial phage mEp390,1
 Enterococcaceae,0
 Erwinia phage ENT90,1
 Erwinia phage EtG,1
 Erwinia phage Hena1,1
 Erwinia phage pEp_SNUABM_01,1
 Erwinia phage phiEt88,0
 Erwinia phage vB_EhrS_59,0
 Erythrobacteraceae,0
 Escherichia phage 186,1
 Escherichia phage 2H10,1
 Escherichia phage 500465-1,1
 Escherichia phage 500465-1,1
 Escherichia phage 500465-2,1
 Escherichia phage 500465-2,1
 Escherichia phage D6,1
 Escherichia phage D6,1
 Escherichia phage ESSI2_ev239,0
 Escherichia phage HK639,0
 Escherichia phage N15,0
 Escherichia phage RCS47,1
 Escherichia phage RCS47,1
 Escherichia phage SH2026Stx1,0
 Escherichia phage vB_EcoM_G4507,1
 Escherichia phage vB_EcoM_G4507,1
 Eurybiavirus,1
 Eurybiavirus,1
 Faecalibacterium phage FP_Brigit,1
 Faecalibacterium phage FP_Brigit,1
 Felsduovirus,1
 Feofaniavirus,0
 Flavobacterium phage vB_FspM_immuto_2-6A,0
 Flavobacterium phage vB_FspM_immuto_2-6A,0
 Friunavirus,0
 Fromanvirus,0
 Geobacillus virus E3,0
 Geobacillus virus E3,0
 Geodermatophilaceae,0
 Gordonia phage Daredevil,0
 Gordonia phage Daredevil,0
 Gordonia phage GodonK,0
 Gordonia phage Yvonnetastic,0
 Hendrixvirinae,0
 Henunavirus,1
 Hollowayvirus,0
 Human endogenous retrovirus K113,0
 Hymenobacteraceae,0
 Intrasporangiaceae,0
 Isosphaeraceae,0
 Klebsiella phage ST147-VIM1phi7.1,1
 Klebsiella phage phiKO2,0
 Kribbellaceae,0
 Lactobacillus phage Sha1,0
 Lactobacillus phage phiadh,0
 Lactobacillus phage phig1e,0
 Lambdavirus,0
 Langleyhallvirinae,0
 Lederbergvirus,0
 Lederbergvirus,0
 Leucotheavirus,0
 Likavirus,0
 Likavirus,0
 Lymphocystis disease virus Sa,0
 Megavirus chiliensis,0
 Megavirus chiliensis,0
 Methylobacteriaceae,0
 Microbacteriaceae,0
 Microbacterium phage Min1,0
 Microbacterium phage Min1,0
 Micrococcaceae,0
 Micromonas pusilla virus 12T,0
 Micromonas pusilla virus 12T,0
 Micromonosporaceae,0
 Mimiviridae,0
 Mimiviridae,0
 Mimivirus,0
 Mollivirus sibericum,0
 Morganellaceae,0
 Murrayvirus,0
 Mycobacteriaceae,0
 Mycobacterium phage Kumao,1
 Mycobacterium phage Kumao,1
 Mycobacterium phage Phabba,0
 Mycobacterium phage Phabba,0
 Myoviridae,1
 Myoviridae,1
 Neisseriaceae,0
 Neptunevirus,0
 Nitrososphaeraceae,0
 Nocardiaceae,0
 Nocardioidaceae,0
 Omegavirus,0
 Omegavirus,0
 Only Syngen Nebraska virus 5,0
 Only Syngen Nebraska virus 5,0
 Orpheovirus IHUMI-LCC2,0
 Orpheovirus IHUMI-LCC2,0
 Oxalobacteraceae,0
 Paenibacillaceae,0
 Pahexavirus,0
 Pandoravirus,1
 Pandoravirus,1
 Pasteurellaceae,0
 Peduovirinae,1
 Peduovirinae,1
 Peduovirus,1
 Peeveelvirus,0
 Peeveelvirus,0
 Phaeocystis globosa virus,0
 Phaeocystis globosa virus,0
 Phage Gifsy-1,1
 Phapecoctavirus,1
 Phapecoctavirus,1
 Phyllobacteriaceae,0
 Pinus nigra virus 1,0
 Planktothrix phage PaV-LD,0
 Prasinovirus,0
 Privateervirus,1
 Prochlorococcus phage MED4-213,0
 Prochlorococcus phage MED4-213,0
 Prochlorococcus phage P-GSP1,0
 Prochlorococcus phage P-SSM2,0
 Prochlorococcus phage P-TIM68,0
 Prochlorococcus phage P-TIM68,0
 Propionibacteriaceae,0
 Propionibacterium phage PFR2,0
 Pseudomonas phage 201phi2-1,0
 Pseudomonas phage Dobby,0
 Pseudomonas phage Dobby,0
 Pseudomonas phage F10,0
 Pseudomonas phage F10,0
 Pseudomonas phage F116,0
 Pseudomonas phage JBD44,0
 Pseudomonas phage MD8,0
 Pseudomonas phage YMC11/02/R656,0
 Pseudomonas phage phi2,0
 Pseudomonas phage phi2,0
 Pseudomonas phage vB_Pae_BR319a,0
 Pseudomonas virus H66,0
 Pseudomonas virus Pf1,0
 Pseudomonas virus Pf1,0
 Pseudomonas virus phiCTX,0
 Pseudomonas virus phiCTX,0
 Pseudonocardiaceae,0
 Punavirus,1
 Punavirus,1
 Ralstonia virus RSA1,0
 Rhizobium phage RHEph10,0
 Rhodococcus phage Sleepyhead,0
 Rhodococcus phage Trina,0
 Rhodococcus phage Weasels2,0
 Rockefellervirus,0
 Ronodorvirus,0
 Rubrobacteraceae,0
 Salmonella phage 118970_sal3,1
 Salmonella phage Fels-1,0
 Salmonella phage Fels-1,0
 Salmonella phage Lumpael,0
 Salmonella phage SJ46,1
 Salmonella phage SJ46,1
 Salmonella phage SP069,1
 Salmonella phage SPN3UB,0
 Salmonella phage SSU5,1
 Salmonella phage vB_SosS_Oslo,1
 Samwavirus,0
 Samwavirus,0
 Sarumanvirus,0
 Sarumanvirus,0
 Scale drop disease virus,0
 Schiekvirus,0
 Sednavirus,0
 Seongnamvirus,0
 Serratia phage Eta,1
 Serratia phage Parlo,1
 Shigella phage SfIV,0
 Siphoviridae,0
 Siphoviridae,0
 Solirubrobacteraceae,0
 Sphingomonadaceae,0
 Sphingomonas phage PAU,0
 Sphingosinicellaceae,0
 Staphylococcaceae,0
 Staphylococcaceae,0
 Staphylococcus phage 2638A,0
 Staphylococcus phage 42E,0
 Staphylococcus phage IME-SA4,0
 Staphylococcus phage IME-SA4,0
 Staphylococcus phage SPbeta-like,0
 Staphylococcus phage SPbeta-like,0
 Staphylococcus phage phiRS7,0
 Streptococcaceae,1
 Streptococcaceae,1
 Streptococcus phage 315.1,0
 Streptococcus phage Dp-1,0
 Streptococcus phage EJ-1,0
 Streptomyces phage BRock,0
 Streptomyces phage BRock,0
 Streptomyces phage BillNye,0
 Streptomyces phage Celia,0
 Streptomyces phage Celia,0
 Streptomycetaceae,0
 Streptosporangiaceae,0
 Stx2-converting phage 1717,1
 Sweet potato vein clearing virus,0
 Synechococcus phage ACG-2014d,0
 Synechococcus phage S-CBP1,0
 Synechococcus phage S-CBWM1,0
 Synechococcus phage S-P4,0
 Synechococcus phage S-SKS1,0
 Tevenvirinae,1
 Thermomonosporaceae,0
 Timquatrovirus,0
 Tobacco vein clearing virus,0
 Triavirus,0
 Trichoplusia ni TED virus,0
 Trichoplusia ni ascovirus 2c,0
 Trichoplusia ni ascovirus 2c,0
 Vibrio phage VAP7,1
 Vibrio phage VAP7,1
 Xanthomonadaceae,0
 Yersiniaceae,0
