Name,P/A
 Acetobacteraceae,1
 Acidobacteriaceae,1
 Actinomycetaceae,0
 Aerococcaceae,0
 Aeromonadaceae,1
 Alcaligenaceae,1
 Alteromonadaceae,1
 Anaplasmataceae,0
 Archangiaceae,0
 Aspergillaceae,0
 Astraeaceae,1
 Azospirillaceae,0
 Bacillaceae,1
 Bradyrhizobiaceae,0
 Brevibacteriaceae,1
 Bruguierivoracaceae,1
 Budviciaceae,1
 Burkholderiaceae,1
 Carnobacteriaceae,0
 Caulobacteraceae,1
 Cellulomonadaceae,0
 Chitinophagaceae,0
 Chromobacteriaceae,0
 Comamonadaceae,1
 Conexibacteraceae,0
 Coprobacillaceae,0
 Cordycipitaceae,1
 Corynebacteriaceae,1
 Cryptosporangiaceae,0
 Cytophagaceae,0
 Deinococcaceae,0
 Dermabacteraceae,1
 Dermacoccaceae,0
 Dermatophilaceae,0
 Dietziaceae,1
 Dysgonomonadaceae,0
 Endozoicomonadaceae,1
 Enterobacteriaceae,1
 Enterococcaceae,1
 Erwiniaceae,1
 Erythrobacteraceae,0
 Filobasidiaceae,0
 Flavobacteriaceae,0
 Frankiaceae,1
 Gemmataceae,0
 Gemmatimonadaceae,0
 Geodermatophilaceae,0
 Gordoniaceae,0
 Hafniaceae,1
 Halomonadaceae,0
 Herpotrichiellaceae,0
 Hymenobacteraceae,0
 Hyphomicrobiaceae,0
 Iamiaceae,0
 Intrasporangiaceae,0
 Isosphaeraceae,0
 Jatrophihabitantaceae,0
 Kallotenuaceae,0
 Kineosporiaceae,0
 Kribbellaceae,0
 Kytococcaceae,0
 Lactobacillaceae,1
 Legionellaceae,1
 Listeriaceae,0
 Methylobacteriaceae,0
 Microbacteriaceae,1
 Micrococcaceae,1
 Microcoleaceae,0
 Micromonosporaceae,0
 Moraxellaceae,1
 Morganellaceae,1
 Mycobacteriaceae,1
 Myxococcaceae,0
 Nakamurellaceae,0
 Neisseriaceae,1
 Nitrososphaeraceae,0
 Nocardiaceae,0
 Nocardioidaceae,1
 Orbaceae,1
 Ornithinimicrobiaceae,0
 Oxalobacteraceae,1
 Paenibacillaceae,1
 Pasteurellaceae,1
 Pectobacteriaceae,1
 Peptoniphilaceae,1
 Peptostreptococcaceae,1
 Phyllobacteriaceae,0
 Planctomycetaceae,0
 Planococcaceae,1
 Pleosporaceae,0
 Propionibacteriaceae,0
 Pseudoalteromonadaceae,1
 Pseudomonadaceae,1
 Pseudonocardiaceae,0
 Rhizobiaceae,1
 Rhizopodaceae,0
 Rhodobacteraceae,0
 Roseobacteraceae,0
 Rubrobacteraceae,0
 Saccotheciaceae,0
 Salinarimonadaceae,0
 Shewanellaceae,1
 Solirubrobacteraceae,0
 Sphingobacteriaceae,0
 Sphingomonadaceae,0
 Sphingosinicellaceae,0
 Staphylococcaceae,1
 Streptococcaceae,1
 Streptomycetaceae,1
 Streptosporangiaceae,0
 Tepidisphaeraceae,0
 Teratosphaeriaceae,0
 Thermomonosporaceae,0
 Vibrionaceae,1
 Weeksellaceae,0
 Xanthomonadaceae,1
 Yersiniaceae,1
