 taxon_name,percent,reads
 Propionibacteriaceae,11.600050,39046
 Geodermatophilaceae,5.007992,16857
 Corynebacteriaceae,4.406094,14831
 Nocardioidaceae,3.847868,12952
 Streptococcaceae,3.701107,12458
 Lawsonellaceae,2.806579,9447
 Chitinophagaceae,2.169922,7304
 Acetobacteraceae,1.778361,5986
 Enterobacteriaceae,1.543960,5197
 Staphylococcaceae,1.254003,4221
 Pseudomonadaceae,1.226077,4127
 Moraxellaceae,1.158341,3899
 Micrococcaceae,1.028811,3463
 Methylobacteriaceae,1.015146,3417
 Pseudonocardiaceae,0.984843,3315
 Hymenobacteraceae,0.933744,3143
 Micromonosporaceae,0.889478,2994
 Microbacteriaceae,0.871653,2934
 Mycobacteriaceae,0.871058,2932
 Sphingomonadaceae,0.827684,2786
 Bacillaceae,0.737369,2482
 Streptomycetaceae,0.696074,2343
 Pleosporaceae,0.689835,2322
 Intrasporangiaceae,0.517822,1743
 Peptoniphilaceae,0.514851,1733
 Burkholderiaceae,0.510692,1719
 Aeromonadaceae,0.481281,1620
 Nocardiaceae,0.475042,1599
 Comamonadaceae,0.469991,1582
 Enterococcaceae,0.464347,1563
 Lactobacillaceae,0.398690,1342
 Microcoleaceae,0.375518,1264
 Cellulomonadaceae,0.352939,1188
 Rubrobacteraceae,0.346106,1165
 Oxalobacteraceae,0.336599,1133
 Plasmodiidae,0.332737,1120
 Solirubrobacteraceae,0.331549,1116
 Sphingobacteriaceae,0.323825,1090
 Saccotheciaceae,0.315209,1061
 Rhodobacteraceae,0.311347,1048
 Kineosporiaceae,0.292036,983
 Malasseziaceae,0.248959,838
 Streptosporangiaceae,0.236481,796
 Azospirillaceae,0.221627,746
 Teratosphaeriaceae,0.215685,726
 Thermomonosporaceae,0.213902,720
 Roseobacteraceae,0.204099,687
 Gemmatimonadaceae,0.200534,675
 Bradyrhizobiaceae,0.175578,591
 Xanthomonadaceae,0.159239,536
