 taxon_name,percent,reads
 Escherichia phage vB_EcoM_G4507,86.693924,10177
 Prochlorococcus phage P-TIM68,2.947440,346
 Pinus nigra virus 1,1.115938,131
 Myoviridae,0.868899,102
 Citexvirus,0.323707,38
 Caudovirales,0.306670,36
 Escherichia phage 500465-1,0.289633,34
 BeAn 58058 virus,0.272596,32
 Peduovirinae,0.255558,30
 Synechococcus phage S-P4,0.238521,28
 Badnavirus,0.212965,25
 Pseudomonas phage phi2,0.161854,19
 Pseudomonas phage F10,0.144816,17
 Escherichia phage RCS47,0.136298,16
 Pseudomonas virus Pf1,0.119261,14
 Leucotheavirus,0.119261,14
 Ronodorvirus,0.119261,14
 Cladosporium fulvum T-1 virus,0.110742,13
 Blackberry virus F,0.110742,13
 Escherichia phage D6,0.102223,12
 Escherichia phage 500465-2,0.102223,12
 Siphoviridae,0.093705,11
 Punavirus,0.093705,11
 Synechococcus phage S-CBP1,0.093705,11
 Pseudomonas phage Dobby,0.093705,11
 Eurybiavirus,0.093705,11
 Bacillus phage G,0.093705,11
 Prochlorococcus phage P-GSP1,0.085186,10
 Cronobacter phage vB_CsaP_GAP52,0.085186,10
 Bathycoccus sp. RCC1105 virus BpV1,0.076668,9
 Salmonella phage Fels-1,0.059630,7
 Bougainvillea chlorotic vein banding virus,0.059630,7
 Banana streak UI virus,0.059630,7
 Synechococcus phage S-CBWM1,0.059630,7
 Sednavirus,0.059630,7
 Microbacterium phage Min1,0.051112,6
 Geobacillus virus E3,0.051112,6
 Faecalibacterium phage FP_Brigit,0.051112,6
 Eganvirus,0.051112,6
 Neptunevirus,0.051112,6
 Sarumanvirus,0.051112,6
 Pseudomonas virus phiCTX,0.042593,5
 Lederbergvirus,0.042593,5
 Cyanophage NATL1A-7,0.042593,5
 Mimiviridae,0.042593,5
 Cafeteria roenbergensis virus BV-PW1,0.042593,5
 Synechococcus phage ACG-2014d,0.042593,5
 Cyanophage P-TIM40,0.042593,5
 Bacillus phage phi4J1,0.042593,5
 Salmonella phage SJ46,0.042593,5
