 taxon_name,percent,reads
 Nocardioidaceae,6.382414,60594
 Geodermatophilaceae,4.813828,45702
 Pseudonocardiaceae,3.915356,37172
 Propionibacteriaceae,3.756412,35663
 Micromonosporaceae,3.691633,35048
 Solirubrobacteraceae,3.215222,30525
 Microbacteriaceae,2.710267,25731
 Acetobacteraceae,2.466005,23412
 Weeksellaceae,2.332972,22149
 Sphingomonadaceae,2.266192,21515
 Methylobacteriaceae,2.174765,20647
 Streptomycetaceae,1.902063,18058
 Intrasporangiaceae,1.694035,16083
 Chitinophagaceae,1.649269,15658
 Sphingobacteriaceae,1.605241,15240
 Hymenobacteraceae,1.592286,15117
 Bradyrhizobiaceae,1.451142,13777
 Micrococcaceae,1.402796,13318
 Dermacoccaceae,1.394474,13239
 Mycobacteriaceae,1.368668,12994
 Dermatophilaceae,1.348339,12801
 Oxalobacteraceae,1.302521,12366
 Conexibacteraceae,0.887201,8423
 Dietziaceae,0.725834,6891
 Comamonadaceae,0.708771,6729
 Nocardiaceae,0.658423,6251
 Xanthomonadaceae,0.653894,6208
 Streptosporangiaceae,0.640306,6079
 Kineosporiaceae,0.620398,5890
 Kribbellaceae,0.592907,5629
 Isosphaeraceae,0.577423,5482
 Caulobacteraceae,0.571209,5423
 Rubrobacteraceae,0.562572,5341
 Dermabacteraceae,0.521493,4951
 Ornithinimicrobiaceae,0.427432,4058
 Gemmatimonadaceae,0.418901,3977
 Thermomonosporaceae,0.413529,3926
 Nakamurellaceae,0.404997,3845
 Cellulomonadaceae,0.389303,3696
 Yersiniaceae,0.386775,3672
 Kytococcaceae,0.323892,3075
 Burkholderiaceae,0.319890,3037
 Acidobacteriaceae,0.295664,2807
 Jatrophihabitantaceae,0.293873,2790
 Phyllobacteriaceae,0.275651,2617
 Corynebacteriaceae,0.255111,2422
 Pseudomonadaceae,0.253953,2411
 Rhizobiaceae,0.248159,2356
 Flavobacteriaceae,0.246263,2338
 Erythrobacteraceae,0.229094,2175
