 taxon_name,percent,reads
 Enterobacteriaceae,16.988756,2594616
 Pseudomonadaceae,12.302996,1878981
 Morganellaceae,7.038845,1075011
 Enterococcaceae,3.424694,523038
 Streptococcaceae,1.725363,263507
 Pasteurellaceae,1.211533,185032
 Moraxellaceae,0.698050,106610
 Erwiniaceae,0.255812,39069
 Yersiniaceae,0.255007,38946
 Staphylococcaceae,0.216906,33127
 Corynebacteriaceae,0.174994,26726
 Vibrionaceae,0.115298,17609
 Pectobacteriaceae,0.059447,9079
 Sphingobacteriaceae,0.038212,5836
 Hafniaceae,0.036418,5562
 Bacillaceae,0.031213,4767
 Paenibacillaceae,0.030290,4626
 Xanthomonadaceae,0.026440,4038
 Neisseriaceae,0.024338,3717
 Rhizopodaceae,0.019853,3032
 Peptostreptococcaceae,0.017764,2713
 Burkholderiaceae,0.014071,2149
 Lactobacillaceae,0.013711,2094
 Alcaligenaceae,0.012899,1970
 Nocardioidaceae,0.011786,1800
 Aeromonadaceae,0.011773,1798
 Geodermatophilaceae,0.011701,1787
 Listeriaceae,0.011262,1720
 Astraeaceae,0.010935,1670
 Budviciaceae,0.010391,1587
 Actinomycetaceae,0.010005,1528
 Pseudoalteromonadaceae,0.010005,1528
 Carnobacteriaceae,0.009769,1492
 Mycobacteriaceae,0.009632,1471
 Halomonadaceae,0.008499,1298
 Coprobacillaceae,0.007897,1206
 Comamonadaceae,0.007818,1194
 Orbaceae,0.006423,981
 Micrococcaceae,0.006050,924
 Legionellaceae,0.006030,921
 Methylobacteriaceae,0.005952,909
 Sphingomonadaceae,0.005939,907
 Phyllobacteriaceae,0.005821,889
 Hymenobacteraceae,0.005788,884
 Bruguierivoracaceae,0.005729,875
 Microbacteriaceae,0.005166,789
 Propionibacteriaceae,0.005094,778
 Chromobacteriaceae,0.005042,770
 Acetobacteraceae,0.004917,751
 Microcoleaceae,0.004865,743
