 taxon_name,percent,reads
 Micrococcaceae,9.680853,76486
 Dermatophilaceae,5.979685,47244
 Geodermatophilaceae,5.780337,45669
 Nocardioidaceae,5.319495,42028
 Propionibacteriaceae,4.348954,34360
 Pseudonocardiaceae,2.812391,22220
 Microbacteriaceae,2.604183,20575
 Acetobacteraceae,2.481663,19607
 Intrasporangiaceae,2.449768,19355
 Methylobacteriaceae,2.218144,17525
 Hymenobacteraceae,2.010315,15883
 Sphingomonadaceae,1.935006,15288
 Corynebacteriaceae,1.902098,15028
 Micromonosporaceae,1.732367,13687
 Streptomycetaceae,1.663640,13144
 Chitinophagaceae,1.587191,12540
 Oxalobacteraceae,1.282536,10133
 Mycobacteriaceae,1.244945,9836
 Dermacoccaceae,1.238110,9782
 Dermabacteraceae,1.176217,9293
 Acidobacteriaceae,0.919153,7262
 Solirubrobacteraceae,0.900294,7113
 Kineosporiaceae,0.837768,6619
 Pleosporaceae,0.836883,6612
 Enterobacteriaceae,0.738031,5831
 Nocardiaceae,0.713477,5637
 Bradyrhizobiaceae,0.625131,4939
 Streptosporangiaceae,0.519571,4105
 Kribbellaceae,0.494004,3903
 Brevibacteriaceae,0.480587,3797
 Cellulomonadaceae,0.419454,3314
 Sphingobacteriaceae,0.407556,3220
 Teratosphaeriaceae,0.405911,3207
 Comamonadaceae,0.399076,3153
 Pseudomonadaceae,0.372749,2945
 Dietziaceae,0.366927,2899
 Gemmatimonadaceae,0.352625,2786
 Nakamurellaceae,0.349081,2758
 Rubrobacteraceae,0.324526,2564
 Ornithinimicrobiaceae,0.307945,2433
 Kytococcaceae,0.305794,2416
 Saccotheciaceae,0.303136,2395
 Filobasidiaceae,0.298326,2357
 Thermomonosporaceae,0.293137,2316
 Conexibacteraceae,0.276303,2183
 Moraxellaceae,0.268456,2121
 Burkholderiaceae,0.239851,1895
 Caulobacteraceae,0.221245,1748
 Deinococcaceae,0.205803,1626
 Isosphaeraceae,0.201500,1592
