 taxon_name,percent,reads
 Feofaniavirus,5.154233,523
 Erwinia phage vB_EhrS_59,4.109589,417
 Bacillus phage G,3.074800,312
 Erwinia phage ENT90,3.025525,307
 Microbacterium phage Min1,2.306100,234
 Salmonella phage vB_SosS_Oslo,1.971026,200
 Siphoviridae,1.773923,180
 Peduovirinae,1.714792,174
 Caudovirales,1.675372,170
 Salmonella phage SPN3UB,1.596531,162
 Escherichia phage 500465-1,1.399428,142
 Mimiviridae,1.350153,137
 Myoviridae,1.271312,129
 Cafeteria roenbergensis virus BV-PW1,1.251601,127
 Staphylococcaceae,1.241746,126
 Eurybiavirus,1.192471,121
 Enterobacteria phage ES18,1.172760,119
 Mycobacterium phage Kumao,1.162905,118
 Cronobacter phage ENT47670,1.153050,117
 Streptococcaceae,1.143195,116
 Streptomyces phage Celia,0.995368,101
 Erwinia phage phiEt88,0.926382,94
 Bronfenbrennervirinae,0.896817,91
 Mycobacterium phage Phabba,0.877107,89
 Ceetrepovirus,0.877107,89
 Only Syngen Nebraska virus 5,0.837686,85
 Erwinia phage pEp_SNUABM_01,0.758845,77
 Faecalibacterium phage FP_Brigit,0.689859,70
 Gordonia phage GodonK,0.689859,70
 Staphylococcus phage phiRS7,0.680004,69
 Omegavirus,0.660294,67
 Likavirus,0.660294,67
 Acanthamoeba polyphaga mimivirus,0.630728,64
 Streptomyces phage BRock,0.620873,63
 Lederbergvirus,0.611018,62
 Dishui lake phycodnavirus 1,0.551887,56
 Chrysochromulina ericina virus,0.482901,49
 Phaeocystis globosa virus,0.473046,48
 Prochlorococcus phage MED4-213,0.473046,48
 Escherichia phage D6,0.473046,48
 Corynebacterium phage P1201,0.463191,47
 Arquatrovirinae,0.463191,47
 Orpheovirus IHUMI-LCC2,0.463191,47
 Pandoravirus,0.453336,46
 Gordonia phage Yvonnetastic,0.443481,45
 Enterobacteria phage P7,0.423771,43
 Geobacillus virus E3,0.423771,43
 Bacillus phage SP-15,0.423771,43
 Cotesia congregata bracovirus,0.404060,41
 Phapecoctavirus,0.394205,40
