 taxon_name,percent,reads
 Escherichia phage vB_EcoM_G4507,5.635979,693
 Klebsiella phage phiKO2,2.756994,339
 Salmonella phage Lumpael,2.659401,327
 Bacillus phage G,2.537410,312
 Peduovirinae,2.472349,304
 Microbacterium phage Min1,2.464216,303
 Siphoviridae,1.927456,237
 Escherichia phage ESSI2_ev239,1.667209,205
 Escherichia phage 500465-1,1.528953,188
 Myoviridae,1.447625,178
 Escherichia phage N15,1.260573,155
 Eurybiavirus,1.219909,150
 Enterobacteria phage IME_EC2,1.162980,143
 Cafeteria roenbergensis virus BV-PW1,1.138582,140
 Mycobacterium phage Kumao,1.106051,136
 Staphylococcaceae,1.089785,134
 Salmonella phage Fels-1,0.959662,118
 Mimiviridae,0.902733,111
 Faecalibacterium phage FP_Brigit,0.837671,103
 Mycobacterium phage Phabba,0.829538,102
 Felsduovirus,0.805140,99
 Cladosporium fulvum T-1 virus,0.797007,98
 Only Syngen Nebraska virus 5,0.780742,96
 Streptococcaceae,0.772609,95
 Phaeocystis globosa virus,0.772609,95
 Caudovirales,0.748211,92
 Geobacillus virus E3,0.593689,73
 Ceetrepovirus,0.585556,72
 Omegavirus,0.577424,71
 Likavirus,0.569291,70
 Corynebacterium phage Juicebox,0.561158,69
 Seongnamvirus,0.536760,66
 Streptomyces phage Celia,0.512362,63
 Streptomyces phage BRock,0.496096,61
 Chrysochromulina ericina virus,0.487964,60
 Escherichia phage 500465-2,0.487964,60
 Pandoravirus,0.471698,58
 Escherichia phage D6,0.439167,54
 Enterobacteria phage phiP27,0.414769,51
 Rhodococcus phage Trina,0.414769,51
 Escherichia phage 186,0.406636,50
 Prochlorococcus phage P-TIM68,0.390371,48
 Biquartavirus,0.390371,48
 Tobacco vein clearing virus,0.382238,47
 Punavirus,0.365973,45
 Escherichia phage RCS47,0.365973,45
 Murrayvirus,0.365973,45
 Acanthamoeba polyphaga mimivirus,0.357840,44
 Orpheovirus IHUMI-LCC2,0.357840,44
 Erwinia phage pEp_SNUABM_01,0.357840,44
