 taxon_name,percent,reads
 Bacillus phage G,3.886251,753
 Microbacterium phage Min1,3.215318,623
 Peduovirinae,2.977911,577
 Staphylococcaceae,2.353427,456
 Samwavirus,2.152147,417
 Siphoviridae,1.863130,361
 Myoviridae,1.765070,342
 Mimiviridae,1.765070,342
 Eurybiavirus,1.759909,341
 Cafeteria roenbergensis virus BV-PW1,1.687655,327
 Streptococcaceae,1.584434,307
 Brevibacterium phage LuckyBarnes,1.553468,301
 Faecalibacterium phage FP_Brigit,1.414121,274
 Mycobacterium phage Kumao,1.408960,273
 Phaeocystis globosa virus,1.388315,269
 Mycobacterium phage Phabba,1.388315,269
 Escherichia phage 500465-1,1.197358,232
 Only Syngen Nebraska virus 5,1.150908,223
 Geobacillus virus E3,0.965111,187
 Omegavirus,0.965111,187
 Likavirus,0.949628,184
 Ceetrepovirus,0.913501,177
 Bacillus phage phi4J1,0.877374,170
 Caudovirales,0.872213,169
 Brevibacterium phage AGM1,0.836086,162
 Streptomyces phage BRock,0.825764,160
 Gordonia phage GodonK,0.789637,153
 Erwinia phage Hena1,0.779315,151
 Rhodococcus phage Sleepyhead,0.763832,148
 Streptomyces phage Celia,0.748348,145
 Erwinia phage pEp_SNUABM_01,0.732865,142
 Bacillus phage SP-15,0.701899,136
 Pandoravirus,0.665772,129
 Escherichia phage RCS47,0.634806,123
 Escherichia phage D6,0.598679,116
 Corynebacterium phage P1201,0.557391,108
 Henunavirus,0.557391,108
 Agrobacterium phage Atu_ph07,0.531585,103
 Chrysochromulina ericina virus,0.500619,97
 Megavirus chiliensis,0.495458,96
 Biquartavirus,0.485136,94
 Chlorovirus,0.464492,90
 Rhizobium phage RHEph10,0.433526,84
 Aureococcus anophagefferens virus,0.433526,84
 Prochlorococcus phage MED4-213,0.407721,79
 Phapecoctavirus,0.397399,77
 Orpheovirus IHUMI-LCC2,0.392238,76
 Dishui lake phycodnavirus 1,0.392238,76
 Gordonia phage Daredevil,0.392238,76
 Friunavirus,0.387077,75
