 taxon_name,percent,reads
 Escherichia phage vB_EcoM_G4507,20.442993,1689
 Bacillus phage G,2.977487,246
 Siphoviridae,2.275478,188
 Peduovirinae,1.912370,158
 Microbacterium phage Min1,1.694505,140
 Staphylococcaceae,1.561365,129
 Streptococcaceae,1.500847,124
 Myoviridae,1.500847,124
 Mimiviridae,1.391915,115
 Cafeteria roenbergensis virus BV-PW1,1.379811,114
 Eurybiavirus,1.295086,107
 Mycobacterium phage Kumao,1.053014,87
 Staphylococcus phage phiRS7,0.968289,80
 Faecalibacterium phage FP_Brigit,0.810942,67
 Trichoplusia ni TED virus,0.798838,66
 Only Syngen Nebraska virus 5,0.774631,64
 Likavirus,0.750424,62
 Omegavirus,0.714113,59
 Escherichia phage 500465-1,0.702009,58
 Mycobacterium phage Phabba,0.689906,57
 Lactobacillus phage phig1e,0.653595,54
 Geobacillus virus E3,0.653595,54
 Phaeocystis globosa virus,0.641491,53
 Dishui lake phycodnavirus 1,0.641491,53
 Bacillus phage SP-15,0.593077,49
 Caudovirales,0.556766,46
 Staphylococcus phage SPbeta-like,0.556766,46
 Staphylococcus phage IME-SA4,0.544662,45
 Staphylococcus phage 42E,0.532559,44
 Streptomyces phage Celia,0.520455,43
 Bacillus phage phi4J1,0.484144,40
 Streptomyces phage BRock,0.447833,37
 Lactobacillus phage Sha1,0.399419,33
 Prochlorococcus phage P-TIM68,0.399419,33
 BeAn 58058 virus,0.375212,31
 Chlorovirus,0.375212,31
 Orpheovirus IHUMI-LCC2,0.375212,31
 Staphylococcus phage 2638A,0.363108,30
 Acanthamoeba polyphaga mimivirus,0.351005,29
 Megavirus chiliensis,0.338901,28
 Peeveelvirus,0.338901,28
 Prochlorococcus phage P-SSM2,0.326797,27
 Acanthocystis turfacea chlorella virus 1,0.326797,27
 Triavirus,0.326797,27
 Ceetrepovirus,0.326797,27
 Bronfenbrennervirinae,0.326797,27
 Rockefellervirus,0.326797,27
 Flavobacterium phage vB_FspM_immuto_2-6A,0.314694,26
 Escherichia phage RCS47,0.302590,25
 Vibrio phage VAP7,0.302590,25
