 taxon_name,percent,reads
 Micrococcaceae,7.670033,45002
 Staphylococcaceae,7.449656,43709
 Geodermatophilaceae,5.276407,30958
 Corynebacteriaceae,5.100004,29923
 Nocardioidaceae,4.638118,27213
 Micromonosporaceae,4.377689,25685
 Lactobacillaceae,2.787677,16356
 Pseudonocardiaceae,2.199156,12903
 Microbacteriaceae,2.182794,12807
 Methylobacteriaceae,1.873961,10995
 Dermabacteraceae,1.707273,10017
 Propionibacteriaceae,1.691252,9923
 Sphingomonadaceae,1.615748,9480
 Streptomycetaceae,1.572116,9224
 Acetobacteraceae,1.309302,7682
 Intrasporangiaceae,1.197665,7027
 Dermacoccaceae,0.932975,5474
 Acidobacteriaceae,0.868891,5098
 Solirubrobacteraceae,0.851165,4994
 Mycobacteriaceae,0.773446,4538
 Chitinophagaceae,0.773105,4536
 Bradyrhizobiaceae,0.752652,4416
 Enterobacteriaceae,0.743108,4360
 Comamonadaceae,0.605906,3555
 Pseudomonadaceae,0.512847,3009
 Anaplasmataceae,0.508756,2985
 Pleosporaceae,0.483020,2834
 Gemmatimonadaceae,0.480123,2817
 Neisseriaceae,0.462568,2714
 Cryptosporangiaceae,0.444672,2609
 Burkholderiaceae,0.404278,2372
 Streptosporangiaceae,0.398654,2339
 Oxalobacteraceae,0.387746,2275
 Nocardiaceae,0.381780,2240
 Rubrobacteraceae,0.375474,2203
 Hymenobacteraceae,0.362521,2127
 Enterococcaceae,0.362009,2124
 Caulobacteraceae,0.361328,2120
 Dermatophilaceae,0.356385,2091
 Conexibacteraceae,0.355533,2086
 Iamiaceae,0.321957,1889
 Gemmataceae,0.304402,1786
 Isosphaeraceae,0.297073,1743
 Thermomonosporaceae,0.281563,1652
 Sphingosinicellaceae,0.274405,1610
 Kineosporiaceae,0.245089,1438
 Aeromonadaceae,0.228557,1341
 Kribbellaceae,0.222251,1304
 Phyllobacteriaceae,0.220717,1295
 Cellulomonadaceae,0.218501,1282
