 taxon_name,percent,reads
 Peduovirinae,9.726048,20407
 Escherichia phage 500465-1,7.744808,16250
 Erwinia phage ENT90,6.420326,13471
 Escherichia phage 500465-2,3.520194,7386
 Peduovirus,2.262914,4748
 Salmonella phage SJ46,2.249092,4719
 Escherichia phage D6,2.185704,4586
 Escherichia phage RCS47,2.163780,4540
 Enterobacteria phage P4,1.622358,3404
 Punavirus,1.469369,3083
 Enterobacteria phage YYZ-2008,1.385010,2906
 Privateervirus,1.322575,2775
 Serratia phage Parlo,1.232020,2585
 Caudovirales,1.122401,2355
 Enterobacteria phage P7,1.120972,2352
 Mycobacterium phage Kumao,1.043285,2189
 Phage Gifsy-1,0.987999,2073
 Bacillus phage G,0.969412,2034
 Salmonella phage vB_SosS_Oslo,0.898874,1886
 Escherichia phage 186,0.888866,1865
 Felsduovirus,0.883146,1853
 Chrysochromulina ericina virus,0.840252,1763
 Escherichia phage 2H10,0.824524,1730
 Eurybiavirus,0.789732,1657
 Eganvirus,0.762566,1600
 Erwinia phage EtG,0.715858,1502
 Erwinia phage pEp_SNUABM_01,0.715858,1502
 Tevenvirinae,0.698701,1466
 Stx2-converting phage 1717,0.647228,1358
 Klebsiella phage ST147-VIM1phi7.1,0.645321,1354
 Myoviridae,0.613389,1287
 Serratia phage Eta,0.588605,1235
 Erwinia phage Hena1,0.572401,1201
 Enterobacteria phage VT2phi_272,0.561916,1179
 Bacillus phage phi4J1,0.515685,1082
 Escherichia phage vB_EcoM_G4507,0.509489,1069
 Faecalibacterium phage FP_Brigit,0.493285,1035
 Phapecoctavirus,0.462305,970
 Ceetrepovirus,0.458969,963
 Cronobacter phage ENT39118,0.454203,953
 Cronobacter phage CR5,0.454203,953
 Pandoravirus,0.440858,925
 Salmonella phage SSU5,0.439905,923
 Enterobacterial phage mEp390,0.419888,881
 Salmonella phage SP069,0.410356,861
 Vibrio phage VAP7,0.406066,852
 Enterobacter phage vB_EclM_CIP9,0.401300,842
 Salmonella phage 118970_sal3,0.399394,838
 Streptococcaceae,0.377947,793
 Henunavirus,0.343631,721
