 taxon_name,percent,reads
 Yersiniaceae,34.075283,4918153
 Pseudomonadaceae,4.340611,626489
 Pasteurellaceae,0.888466,128234
 Enterobacteriaceae,0.844705,121918
 Moraxellaceae,0.448043,64667
 Staphylococcaceae,0.249356,35990
 Morganellaceae,0.080100,11561
 Erwiniaceae,0.070961,10242
 Vibrionaceae,0.050903,7347
 Corynebacteriaceae,0.043331,6254
 Pectobacteriaceae,0.032598,4705
 Hafniaceae,0.027534,3974
 Brevibacteriaceae,0.015319,2211
 Micrococcaceae,0.013996,2020
 Bacillaceae,0.012416,1792
 Enterococcaceae,0.011023,1591
 Pseudoalteromonadaceae,0.010628,1534
 Dietziaceae,0.010247,1479
 Xanthomonadaceae,0.009714,1402
 Streptococcaceae,0.007344,1060
 Planococcaceae,0.006540,944
 Streptomycetaceae,0.006159,889
 Aeromonadaceae,0.005903,852
 Burkholderiaceae,0.005896,851
 Bruguierivoracaceae,0.004968,717
 Legionellaceae,0.004801,693
 Frankiaceae,0.003651,527
 Alteromonadaceae,0.003395,490
 Caulobacteraceae,0.003042,439
 Astraeaceae,0.003035,438
 Paenibacillaceae,0.002751,397
 Lactobacillaceae,0.002737,395
 Rhizobiaceae,0.002605,376
 Neisseriaceae,0.002473,357
 Cordycipitaceae,0.002113,305
 Acetobacteraceae,0.002009,290
 Peptoniphilaceae,0.002002,289
 Endozoicomonadaceae,0.002002,289
 Microbacteriaceae,0.001885,272
 Orbaceae,0.001878,271
 Alcaligenaceae,0.001843,266
 Shewanellaceae,0.001829,264
 Comamonadaceae,0.001815,262
 Peptostreptococcaceae,0.001711,247
 Dermabacteraceae,0.001552,224
 Acidobacteriaceae,0.001552,224
 Mycobacteriaceae,0.001483,214
 Budviciaceae,0.001344,194
 Nocardioidaceae,0.001129,163
 Oxalobacteraceae,0.001088,157
