Name,P/A
 Acetobacteraceae,0
 Actinomycetaceae,1
 Aeromonadaceae,1
 Amniculicolaceae,1
 Archangiaceae,0
 Aspergillaceae,1
 Azospirillaceae,0
 Bacillaceae,1
 Bacteroidaceae,0
 Bradyrhizobiaceae,0
 Burkholderiaceae,1
 Caulobacteraceae,0
 Cellulomonadaceae,0
 Chitinophagaceae,1
 Cladosporiaceae,1
 Comamonadaceae,0
 Corynebacteriaceae,1
 Corynesporascaceae,1
 Cucurbitariaceae,1
 Cytophagaceae,0
 Diademaceae,1
 Didymellaceae,1
 Didymosphaeriaceae,1
 Enterobacteriaceae,1
 Enterococcaceae,1
 Erysipelotrichaceae,0
 Gemmatimonadaceae,0
 Geodermatophilaceae,1
 Halomonadaceae,0
 Hymenobacteraceae,0
 Intrasporangiaceae,0
 Isosphaeraceae,0
 Kineosporiaceae,0
 Kribbellaceae,0
 Lactobacillaceae,0
 Lawsonellaceae,1
 Lentitheciaceae,1
 Leptosphaeriaceae,1
 Lindgomycetaceae,1
 Lophiostomataceae,1
 Lophiotremataceae,1
 Malasseziaceae,0
 Marinilabiliaceae,0
 Massarinaceae,1
 Melanommataceae,1
 Methylobacteriaceae,0
 Microbacteriaceae,1
 Micrococcaceae,1
 Microcoleaceae,0
 Micromonosporaceae,1
 Moraxellaceae,1
 Morganellaceae,0
 Motilibacteraceae,0
 Mycobacteriaceae,1
 Mycosphaerellaceae,1
 Nakamurellaceae,0
 Nocardiaceae,0
 Nocardioidaceae,1
 Oxalobacteraceae,0
 Pasteurellaceae,1
 Peptoniphilaceae,0
 Phaeosphaeriaceae,1
 Phyllobacteriaceae,0
 Plasmodiidae,0
 Pleomassariaceae,1
 Pleosporaceae,1
 Propionibacteriaceae,1
 Pseudomonadaceae,1
 Pseudonocardiaceae,1
 Rhodobacteraceae,0
 Rhodocyclaceae,0
 Roseobacteraceae,0
 Rubrobacteraceae,0
 Saccotheciaceae,0
 Solirubrobacteraceae,1
 Sphingobacteriaceae,0
 Sphingomonadaceae,1
 Sporormiaceae,1
 Staphylococcaceae,1
 Stappiaceae,0
 Streptococcaceae,1
 Streptomycetaceae,1
 Streptosporangiaceae,0
 Synergistaceae,0
 Teratosphaeriaceae,1
 Tetraplosphaeriaceae,1
 Thermomonosporaceae,0
 Torulaceae,1
 Trematosphaeriaceae,1
 Venturiaceae,0
 Vibrionaceae,0
 Xanthomonadaceae,0
 Yersiniaceae,0
 Zopfiaceae,1
