Name,P/A
 Acetobacteraceae,1
 Actinomycetaceae,0
 Aeromonadaceae,1
 Amniculicolaceae,0
 Archangiaceae,0
 Aspergillaceae,0
 Azospirillaceae,1
 Bacillaceae,1
 Bacteroidaceae,0
 Bradyrhizobiaceae,1
 Burkholderiaceae,1
 Caulobacteraceae,0
 Cellulomonadaceae,1
 Chitinophagaceae,1
 Cladosporiaceae,0
 Comamonadaceae,1
 Corynebacteriaceae,1
 Corynesporascaceae,0
 Cucurbitariaceae,0
 Cytophagaceae,0
 Diademaceae,0
 Didymellaceae,0
 Didymosphaeriaceae,0
 Enterobacteriaceae,1
 Enterococcaceae,1
 Erysipelotrichaceae,0
 Gemmatimonadaceae,1
 Geodermatophilaceae,1
 Halomonadaceae,0
 Hymenobacteraceae,1
 Intrasporangiaceae,1
 Isosphaeraceae,0
 Kineosporiaceae,1
 Kribbellaceae,0
 Lactobacillaceae,1
 Lawsonellaceae,1
 Lentitheciaceae,0
 Leptosphaeriaceae,0
 Lindgomycetaceae,0
 Lophiostomataceae,0
 Lophiotremataceae,0
 Malasseziaceae,1
 Marinilabiliaceae,0
 Massarinaceae,0
 Melanommataceae,0
 Methylobacteriaceae,1
 Microbacteriaceae,1
 Micrococcaceae,1
 Microcoleaceae,1
 Micromonosporaceae,1
 Moraxellaceae,1
 Morganellaceae,0
 Motilibacteraceae,0
 Mycobacteriaceae,1
 Mycosphaerellaceae,0
 Nakamurellaceae,0
 Nocardiaceae,1
 Nocardioidaceae,1
 Oxalobacteraceae,1
 Pasteurellaceae,0
 Peptoniphilaceae,1
 Phaeosphaeriaceae,0
 Phyllobacteriaceae,0
 Plasmodiidae,1
 Pleomassariaceae,0
 Pleosporaceae,1
 Propionibacteriaceae,1
 Pseudomonadaceae,1
 Pseudonocardiaceae,1
 Rhodobacteraceae,1
 Rhodocyclaceae,0
 Roseobacteraceae,1
 Rubrobacteraceae,1
 Saccotheciaceae,1
 Solirubrobacteraceae,1
 Sphingobacteriaceae,1
 Sphingomonadaceae,1
 Sporormiaceae,0
 Staphylococcaceae,1
 Stappiaceae,0
 Streptococcaceae,1
 Streptomycetaceae,1
 Streptosporangiaceae,1
 Synergistaceae,0
 Teratosphaeriaceae,1
 Tetraplosphaeriaceae,0
 Thermomonosporaceae,1
 Torulaceae,0
 Trematosphaeriaceae,0
 Venturiaceae,0
 Vibrionaceae,0
 Xanthomonadaceae,1
 Yersiniaceae,0
 Zopfiaceae,0
