Name,P/A
 Acanthamoeba polyphaga mimivirus,1
 Acanthamoeba polyphaga moumouvirus,0
 Acanthocystis turfacea chlorella virus 1,1
 Aeromonas virus 31,0
 Agrobacterium phage Atu_ph07,1
 Arquatrovirinae,0
 Aureococcus anophagefferens virus,0
 Bacillus phage G,1
 Bacillus phage phi4J1,0
 Badnavirus,0
 Banana streak UI virus,0
 Bathycoccus sp. RCC1105 virus BpV1,0
 BeAn 58058 virus,1
 Biquartavirus,1
 Blackberry virus F,0
 Bongovirus,1
 Bougainvillea chlorotic vein banding virus,0
 Bronfenbrennervirinae,0
 Burkholderia virus phiE125,0
 Cafeteria roenbergensis virus BV-PW1,1
 Caudovirales,1
 Cedratvirus A11,0
 Ceetrepovirus,1
 Cheoctovirus,1
 Chloriridovirus,0
 Chlorovirus,1
 Chrysochromulina ericina virus,1
 Citexvirus,0
 Cladosporium fulvum T-1 virus,0
 Cronobacter phage vB_CsaP_GAP52,0
 Cyanophage NATL1A-7,0
 Cyanophage P-TIM40,0
 Diadromus pulchellus ascovirus 4a,0
 Diplodia scrobiculata RNA virus 1,0
 Eganvirus,0
 Escherichia phage 500465-1,1
 Escherichia phage 500465-2,0
 Escherichia phage D6,1
 Escherichia phage RCS47,1
 Escherichia phage vB_EcoM_G4507,0
 Eurybiavirus,1
 Faecalibacterium phage FP_Brigit,1
 Flavobacterium phage vB_FspM_immuto_2-6A,0
 Fromanvirus,1
 Geobacillus virus E3,1
 Gordonia phage Daredevil,0
 Human endogenous retrovirus K113,1
 Lactobacillus phage phiadh,1
 Lambdavirus,0
 Langleyhallvirinae,0
 Lederbergvirus,0
 Leucotheavirus,0
 Likavirus,1
 Lymphocystis disease virus Sa,1
 Megavirus chiliensis,0
 Microbacterium phage Min1,1
 Micromonas pusilla virus 12T,0
 Mimiviridae,1
 Mimivirus,1
 Mollivirus sibericum,0
 Mycobacterium phage Kumao,1
 Mycobacterium phage Phabba,1
 Myoviridae,1
 Neptunevirus,0
 Omegavirus,1
 Only Syngen Nebraska virus 5,1
 Orpheovirus IHUMI-LCC2,1
 Pahexavirus,1
 Pandoravirus,1
 Peduovirinae,1
 Peeveelvirus,1
 Phaeocystis globosa virus,1
 Phapecoctavirus,0
 Pinus nigra virus 1,0
 Prochlorococcus phage MED4-213,0
 Prochlorococcus phage P-GSP1,0
 Prochlorococcus phage P-TIM68,1
 Propionibacterium phage PFR2,0
 Pseudomonas phage Dobby,0
 Pseudomonas phage F10,0
 Pseudomonas phage phi2,0
 Pseudomonas virus Pf1,0
 Pseudomonas virus phiCTX,0
 Punavirus,0
 Ronodorvirus,0
 Salmonella phage Fels-1,0
 Salmonella phage SJ46,0
 Samwavirus,0
 Sarumanvirus,0
 Schiekvirus,1
 Sednavirus,0
 Siphoviridae,1
 Staphylococcaceae,1
 Staphylococcus phage IME-SA4,0
 Staphylococcus phage SPbeta-like,1
 Streptococcaceae,1
 Streptococcus phage 315.1,1
 Streptococcus phage Dp-1,0
 Streptococcus phage EJ-1,1
 Streptomyces phage BRock,1
 Streptomyces phage Celia,1
 Synechococcus phage ACG-2014d,0
 Synechococcus phage S-CBP1,0
 Synechococcus phage S-CBWM1,1
 Synechococcus phage S-P4,0
 Timquatrovirus,1
 Trichoplusia ni ascovirus 2c,0
 Vibrio phage VAP7,0
