Name,P/A
 Acetobacteraceae,1
 Acidobacteriaceae,1
 Actinomycetaceae,0
 Aerococcaceae,1
 Aeromonadaceae,0
 Alcaligenaceae,0
 Alteromonadaceae,0
 Anaplasmataceae,0
 Archangiaceae,0
 Aspergillaceae,0
 Astraeaceae,0
 Azospirillaceae,0
 Bacillaceae,1
 Bradyrhizobiaceae,1
 Brevibacteriaceae,1
 Bruguierivoracaceae,0
 Budviciaceae,0
 Burkholderiaceae,0
 Carnobacteriaceae,0
 Caulobacteraceae,0
 Cellulomonadaceae,1
 Chitinophagaceae,1
 Chromobacteriaceae,0
 Comamonadaceae,1
 Conexibacteraceae,0
 Coprobacillaceae,0
 Cordycipitaceae,0
 Corynebacteriaceae,1
 Cryptosporangiaceae,0
 Cytophagaceae,0
 Deinococcaceae,0
 Dermabacteraceae,1
 Dermacoccaceae,1
 Dermatophilaceae,1
 Dietziaceae,1
 Dysgonomonadaceae,0
 Endozoicomonadaceae,0
 Enterobacteriaceae,1
 Enterococcaceae,1
 Erwiniaceae,0
 Erythrobacteraceae,0
 Filobasidiaceae,0
 Flavobacteriaceae,0
 Frankiaceae,0
 Gemmataceae,0
 Gemmatimonadaceae,0
 Geodermatophilaceae,1
 Gordoniaceae,0
 Hafniaceae,0
 Halomonadaceae,0
 Herpotrichiellaceae,0
 Hymenobacteraceae,1
 Hyphomicrobiaceae,0
 Iamiaceae,0
 Intrasporangiaceae,1
 Isosphaeraceae,1
 Jatrophihabitantaceae,0
 Kallotenuaceae,0
 Kineosporiaceae,1
 Kribbellaceae,1
 Kytococcaceae,0
 Lactobacillaceae,1
 Legionellaceae,0
 Listeriaceae,0
 Methylobacteriaceae,1
 Microbacteriaceae,1
 Micrococcaceae,1
 Microcoleaceae,0
 Micromonosporaceae,1
 Moraxellaceae,0
 Morganellaceae,1
 Mycobacteriaceae,1
 Myxococcaceae,0
 Nakamurellaceae,0
 Neisseriaceae,0
 Nitrososphaeraceae,0
 Nocardiaceae,1
 Nocardioidaceae,1
 Orbaceae,0
 Ornithinimicrobiaceae,1
 Oxalobacteraceae,1
 Paenibacillaceae,0
 Pasteurellaceae,1
 Pectobacteriaceae,0
 Peptoniphilaceae,0
 Peptostreptococcaceae,0
 Phyllobacteriaceae,0
 Planctomycetaceae,0
 Planococcaceae,0
 Pleosporaceae,1
 Propionibacteriaceae,1
 Pseudoalteromonadaceae,0
 Pseudomonadaceae,1
 Pseudonocardiaceae,1
 Rhizobiaceae,0
 Rhizopodaceae,0
 Rhodobacteraceae,0
 Roseobacteraceae,0
 Rubrobacteraceae,1
 Saccotheciaceae,1
 Salinarimonadaceae,0
 Shewanellaceae,0
 Solirubrobacteraceae,1
 Sphingobacteriaceae,1
 Sphingomonadaceae,1
 Sphingosinicellaceae,0
 Staphylococcaceae,1
 Streptococcaceae,0
 Streptomycetaceae,1
 Streptosporangiaceae,1
 Tepidisphaeraceae,0
 Teratosphaeriaceae,1
 Thermomonosporaceae,1
 Vibrionaceae,0
 Weeksellaceae,0
 Xanthomonadaceae,1
 Yersiniaceae,1
